customer_id,tenure_months,monthly_charges,contract,payment_method,support_tickets,has_streaming,last_login_days,refund_issued,Churn
100000,7,94.07,one-year,check,1,False,21.0,1,Yes
100001,55,51.88,one-year,bank,5,True,2.0,0,No
100002,47,48.66,month-to-month,check,1,True,4.0,0,No
100003,32,81.49,one-year,check,2,True,33.0,0,No
100004,31,94.71,one-year,check,0,False,,0,No
100005,61,71.01,month-to-month,paypal,1,False,12.0,0,No
100006,7,37.84,two-year,check,1,True,33.0,0,No
100007,50,35.99,month-to-month,check,2,True,10.0,1,Yes
100008,15,34.32,month-to-month,bank,0,True,4.0,0,No
100009,7,25.81,two-year,paypal,3,False,0.0,1,Yes
100010,38,72.74,month-to-month,bank,5,False,8.0,0,No
100011,70,98.13,two-year,check,2,True,,0,No
100012,53,69.66,month-to-month,paypal,6,False,3.0,1,Yes
100013,55,15.0,month-to-month,bank,0,False,5.0,0,No
100014,51,65.23,month-to-month,card,2,False,,0,No
100015,56,65.93,one-year,card,2,False,11.0,0,No
100016,37,122.4,one-year,card,2,True,,0,No
100017,10,33.57,two-year,card,3,True,0.0,0,No
100018,60,60.23,two-year,check,1,True,,0,No
100019,32,112.65,one-year,bank,0,False,1.0,0,No
100020,36,81.25,one-year,card,1,False,12.0,0,No
100021,27,84.08,month-to-month,card,2,True,5.0,1,Yes
100022,13,72.86,two-year,bank,4,False,37.0,0,No
100023,66,78.25,one-year,bank,0,False,12.0,0,No
100024,56,89.44,two-year,paypal,0,False,35.0,0,No
100025,46,49.76,month-to-month,check,3,False,12.0,0,No
100026,29,91.95,month-to-month,check,0,True,16.0,0,No
100027,59,35.67,one-year,check,2,False,0.0,0,No
100028,39,78.21,month-to-month,paypal,1,False,22.0,0,No
100029,32,74.47,month-to-month,bank,0,False,40.0,1,Yes
100030,32,54.59,two-year,card,1,False,26.0,0,No
100031,17,69.43,month-to-month,check,2,True,3.0,0,No
100032,7,54.44,month-to-month,card,1,False,15.0,1,Yes
100033,40,43.21,month-to-month,card,0,True,35.0,0,No
100034,64,61.16,month-to-month,paypal,3,False,15.0,0,No
100035,5,42.4,one-year,check,3,True,10.0,1,Yes
100036,61,78.07,two-year,check,1,True,15.0,0,No
100037,59,41.25,two-year,check,2,True,2.0,0,No
100038,20,87.8,one-year,check,3,False,7.0,1,Yes
100039,45,40.46,one-year,bank,2,False,17.0,0,No
100040,12,55.84,month-to-month,card,1,True,9.0,0,No
100041,54,54.38,two-year,bank,6,False,7.0,0,No
100042,50,103.13,month-to-month,paypal,0,True,9.0,0,No
100043,26,78.26,month-to-month,paypal,3,False,6.0,1,Yes
100044,5,64.71,two-year,card,1,True,24.0,0,No
100045,69,82.47,two-year,check,1,False,0.0,0,No
100046,32,17.32,month-to-month,bank,1,False,7.0,0,No
100047,64,68.92,one-year,check,1,False,2.0,0,No
100048,49,119.94,month-to-month,card,1,False,5.0,0,No
100049,56,73.31,month-to-month,card,1,False,,0,No
100050,54,71.7,month-to-month,card,2,True,14.0,0,No
100051,14,83.7,month-to-month,card,1,True,6.0,0,No
100052,26,92.39,month-to-month,card,0,True,24.0,1,Yes
100053,34,20.06,month-to-month,bank,1,False,27.0,0,No
100054,36,27.94,month-to-month,check,3,False,18.0,0,No
100055,4,75.26,month-to-month,paypal,1,False,17.0,0,No
100056,39,52.13,two-year,check,0,False,10.0,0,No
100057,11,102.8,one-year,card,3,True,,0,No
100058,53,62.12,two-year,bank,0,True,16.0,0,No
100059,49,21.64,month-to-month,bank,1,False,3.0,0,No
100060,66,38.3,one-year,card,2,True,11.0,0,No
100061,53,15.0,two-year,paypal,0,False,1.0,0,No
100062,27,64.15,month-to-month,check,1,True,10.0,0,No
100063,69,65.29,month-to-month,bank,0,True,3.0,0,No
100064,30,59.39,month-to-month,bank,2,True,13.0,0,No
100065,24,96.97,month-to-month,bank,1,False,12.0,1,Yes
100066,65,99.96,month-to-month,bank,2,True,9.0,0,No
100067,27,65.74,month-to-month,check,0,False,7.0,1,Yes
100068,6,16.63,month-to-month,paypal,2,True,2.0,0,No
100069,34,85.43,one-year,bank,4,False,9.0,0,No
100070,57,83.88,month-to-month,card,1,False,0.0,1,Yes
100071,14,77.73,month-to-month,paypal,2,False,5.0,1,Yes
100072,33,94.54,one-year,bank,4,True,6.0,1,Yes
100073,10,40.88,month-to-month,card,0,True,1.0,0,No
100074,49,120.22,month-to-month,check,1,False,3.0,0,No
100075,34,46.01,month-to-month,paypal,2,False,18.0,0,No
100076,24,88.73,month-to-month,bank,1,True,24.0,0,No
100077,17,27.82,month-to-month,bank,0,False,6.0,0,No
100078,41,46.74,month-to-month,bank,3,True,43.0,0,No
100079,48,107.91,month-to-month,paypal,0,False,4.0,1,Yes
100080,67,63.48,two-year,paypal,0,False,11.0,0,No
100081,32,91.0,two-year,paypal,0,True,1.0,0,No
100082,12,75.92,month-to-month,card,3,False,41.0,1,Yes
100083,60,67.38,month-to-month,paypal,1,False,8.0,1,Yes
100084,45,104.1,month-to-month,bank,2,False,6.0,1,Yes
100085,50,64.08,two-year,paypal,1,False,9.0,0,No
100086,7,25.48,two-year,paypal,3,False,,0,No
100087,23,49.92,month-to-month,check,1,False,21.0,0,No
100088,55,83.78,month-to-month,paypal,2,True,4.0,0,No
100089,60,79.89,month-to-month,card,2,False,3.0,0,No
100090,31,30.82,two-year,check,1,True,,0,No
100091,58,51.89,two-year,card,1,True,21.0,0,No
100092,60,55.46,month-to-month,check,0,False,2.0,0,No
100093,28,60.86,one-year,bank,2,True,3.0,0,No
100094,64,35.6,month-to-month,paypal,0,False,4.0,0,No
100095,21,54.29,one-year,bank,2,False,1.0,0,No
100096,18,51.78,two-year,paypal,1,True,5.0,0,No
100097,49,89.29,month-to-month,bank,0,True,15.0,0,No
100098,46,90.23,month-to-month,card,2,False,10.0,0,No
100099,10,66.35,one-year,check,1,False,6.0,0,No
100100,60,60.2,month-to-month,card,3,False,10.0,0,No
100101,15,73.5,two-year,check,2,True,,0,No
100102,58,49.59,month-to-month,bank,2,False,1.0,0,No
100103,1,41.33,two-year,paypal,1,True,5.0,0,No
100104,57,46.49,month-to-month,bank,1,True,5.0,0,No
100105,56,54.13,month-to-month,bank,2,False,,0,No
100106,56,40.91,month-to-month,check,2,True,0.0,0,No
100107,48,74.05,month-to-month,paypal,1,True,17.0,0,No
100108,34,88.24,month-to-month,card,2,True,3.0,1,Yes
100109,51,30.32,one-year,check,1,False,3.0,0,No
100110,20,70.63,month-to-month,bank,1,False,4.0,0,No
100111,56,64.5,month-to-month,paypal,1,False,6.0,1,Yes
100112,40,78.54,month-to-month,check,1,True,20.0,0,No
100113,33,69.68,month-to-month,paypal,3,False,1.0,1,Yes
100114,36,33.66,two-year,bank,1,False,2.0,0,No
100115,41,38.44,two-year,bank,1,True,24.0,0,No
100116,3,70.74,month-to-month,paypal,1,True,25.0,1,Yes
100117,10,95.72,one-year,card,2,True,17.0,0,No
100118,18,15.0,one-year,check,0,False,1.0,0,No
100119,9,78.64,two-year,paypal,2,False,5.0,0,No
100120,32,99.74,month-to-month,paypal,0,True,3.0,0,No
100121,48,66.17,month-to-month,check,0,True,0.0,0,No
100122,47,83.76,month-to-month,bank,2,False,4.0,0,No
100123,34,52.42,two-year,paypal,0,False,51.0,0,No
100124,61,67.02,one-year,card,1,True,8.0,0,No
100125,41,29.48,month-to-month,paypal,1,True,4.0,0,No
100126,6,15.0,month-to-month,card,4,False,2.0,0,No
100127,55,93.57,one-year,check,0,False,0.0,0,No
100128,41,45.38,two-year,bank,2,False,2.0,0,No
100129,46,58.61,month-to-month,paypal,1,False,1.0,0,No
100130,41,35.34,one-year,check,0,False,,0,No
100131,40,34.75,month-to-month,paypal,4,True,,0,No
100132,7,65.65,month-to-month,paypal,0,True,12.0,1,Yes
100133,40,51.76,month-to-month,paypal,2,True,29.0,0,No
100134,57,79.45,one-year,card,0,False,7.0,0,No
100135,22,81.31,two-year,bank,2,True,3.0,1,Yes
100136,43,78.02,month-to-month,bank,4,True,3.0,0,No
100137,3,75.97,month-to-month,card,3,True,13.0,0,No
100138,25,109.44,month-to-month,card,1,False,1.0,0,No
100139,32,43.31,month-to-month,card,5,False,1.0,0,No
100140,70,68.63,month-to-month,paypal,3,True,9.0,0,No
100141,16,98.32,month-to-month,bank,3,True,11.0,1,Yes
100142,20,101.61,month-to-month,paypal,0,False,21.0,1,Yes
100143,30,34.46,month-to-month,paypal,1,True,20.0,0,No
100144,71,62.19,month-to-month,card,1,False,2.0,0,No
100145,61,103.95,one-year,paypal,1,True,5.0,0,No
100146,3,82.7,month-to-month,card,0,False,0.0,1,Yes
100147,17,74.88,one-year,bank,1,False,2.0,0,No
100148,59,64.56,two-year,paypal,0,False,6.0,0,No
100149,5,60.4,one-year,bank,1,True,6.0,0,No
100150,61,77.21,month-to-month,paypal,1,True,4.0,0,No
100151,20,63.69,month-to-month,check,2,False,6.0,1,Yes
100152,66,68.94,one-year,card,1,False,6.0,0,No
100153,21,71.96,month-to-month,paypal,2,False,6.0,1,Yes
100154,31,53.05,month-to-month,card,4,False,24.0,0,No
100155,47,83.3,month-to-month,check,2,False,2.0,0,No
100156,9,142.86,month-to-month,bank,1,False,6.0,1,Yes
100157,40,25.58,month-to-month,card,1,False,7.0,0,No
100158,36,78.1,one-year,check,1,False,8.0,1,Yes
100159,56,51.0,month-to-month,bank,1,True,1.0,0,No
100160,71,84.44,month-to-month,card,3,True,29.0,1,Yes
100161,48,71.16,two-year,check,0,False,20.0,0,No
100162,30,89.05,month-to-month,card,1,True,5.0,1,Yes
100163,29,99.39,one-year,check,1,True,3.0,0,No
100164,30,74.81,month-to-month,card,6,True,,1,Yes
100165,58,98.3,month-to-month,paypal,4,False,18.0,1,Yes
100166,23,15.0,two-year,paypal,6,False,,0,No
100167,12,109.76,month-to-month,paypal,1,True,0.0,1,Yes
100168,24,79.38,month-to-month,paypal,1,True,1.0,0,No
100169,2,96.95,two-year,card,1,True,19.0,1,Yes
100170,8,39.5,one-year,check,3,True,17.0,0,No
100171,7,49.23,one-year,card,0,True,1.0,0,No
100172,55,73.65,month-to-month,card,4,True,34.0,0,No
100173,52,69.57,month-to-month,bank,4,False,42.0,0,No
100174,50,77.08,one-year,bank,0,False,,0,No
100175,33,97.11,month-to-month,bank,1,True,8.0,0,No
100176,51,25.87,month-to-month,card,2,True,,0,No
100177,12,94.35,one-year,bank,0,True,1.0,0,No
100178,64,70.21,month-to-month,card,2,True,22.0,0,No
100179,36,64.91,month-to-month,card,1,True,19.0,0,No
100180,67,33.22,month-to-month,bank,3,False,4.0,0,No
100181,11,82.58,month-to-month,card,1,False,26.0,0,No
100182,36,15.0,one-year,paypal,1,False,2.0,0,No
100183,50,86.21,two-year,paypal,0,True,2.0,0,No
100184,36,32.7,month-to-month,paypal,2,False,16.0,1,Yes
100185,32,71.34,month-to-month,card,0,False,11.0,0,No
100186,12,67.02,month-to-month,bank,1,True,4.0,0,No
100187,28,99.24,month-to-month,paypal,2,False,22.0,0,No
100188,17,65.53,month-to-month,check,1,True,,1,Yes
100189,22,52.65,two-year,bank,4,False,3.0,1,Yes
100190,49,57.33,month-to-month,paypal,5,True,18.0,1,Yes
100191,45,101.82,month-to-month,bank,1,False,10.0,1,Yes
100192,44,83.41,two-year,paypal,2,True,6.0,0,No
100193,26,60.36,month-to-month,card,3,False,16.0,1,Yes
100194,69,64.09,two-year,check,0,False,0.0,0,No
100195,7,30.82,month-to-month,card,1,False,2.0,0,No
100196,25,79.71,month-to-month,paypal,2,False,8.0,1,Yes
100197,9,26.0,two-year,bank,1,True,8.0,0,No
100198,25,88.79,month-to-month,card,2,False,8.0,0,No
100199,69,73.22,month-to-month,paypal,3,True,4.0,0,No
100200,27,129.67,month-to-month,paypal,1,False,7.0,0,No
100201,65,42.5,one-year,paypal,1,True,22.0,0,No
100202,36,67.43,one-year,bank,2,False,3.0,0,No
100203,50,114.96,month-to-month,card,1,True,4.0,0,No
100204,33,99.78,one-year,card,1,False,5.0,0,No
100205,19,52.59,one-year,card,2,False,10.0,0,No
100206,55,75.6,month-to-month,card,1,True,4.0,0,No
100207,69,70.05,month-to-month,card,2,False,1.0,0,No
100208,19,77.05,month-to-month,check,0,True,2.0,0,No
100209,56,52.53,month-to-month,paypal,0,True,4.0,0,No
100210,19,67.77,month-to-month,check,3,True,5.0,1,Yes
100211,51,30.05,month-to-month,card,1,False,44.0,0,No
100212,57,73.38,month-to-month,check,2,False,48.0,1,Yes
100213,32,81.25,month-to-month,card,2,False,26.0,0,No
100214,53,64.31,one-year,bank,0,True,24.0,0,No
100215,20,29.62,month-to-month,paypal,2,True,7.0,0,No
100216,6,94.71,two-year,card,2,False,3.0,1,Yes
100217,7,79.11,two-year,paypal,2,True,15.0,0,No
100218,32,51.85,one-year,bank,2,False,30.0,0,No
100219,65,62.98,two-year,check,2,False,9.0,0,No
100220,10,32.48,two-year,bank,4,True,,1,Yes
100221,33,44.36,month-to-month,card,2,True,4.0,0,No
100222,50,56.55,one-year,bank,2,False,,0,No
100223,15,100.71,month-to-month,bank,1,False,11.0,0,No
100224,52,54.01,one-year,check,1,False,2.0,0,No
100225,22,86.01,month-to-month,card,1,False,,1,Yes
100226,58,56.54,month-to-month,paypal,0,True,2.0,0,No
100227,42,76.2,month-to-month,check,1,False,19.0,0,No
100228,39,66.47,two-year,paypal,2,False,1.0,1,Yes
100229,13,91.83,month-to-month,paypal,4,False,5.0,1,Yes
100230,33,56.63,month-to-month,check,1,False,25.0,0,No
100231,61,30.69,month-to-month,card,1,False,,0,No
100232,2,35.45,month-to-month,check,1,True,27.0,0,No
100233,54,56.7,two-year,paypal,2,True,4.0,0,No
100234,35,38.77,one-year,card,1,False,7.0,0,No
100235,52,80.26,month-to-month,bank,3,False,18.0,0,No
100236,48,58.36,month-to-month,card,1,False,43.0,0,No
100237,31,129.37,month-to-month,paypal,3,False,1.0,1,Yes
100238,22,26.56,month-to-month,paypal,1,True,0.0,0,No
100239,45,75.09,two-year,card,2,False,10.0,0,No
100240,10,41.8,one-year,paypal,2,False,1.0,0,No
100241,42,57.66,month-to-month,bank,2,False,15.0,0,No
100242,7,73.54,one-year,paypal,2,False,20.0,0,No
100243,47,15.0,month-to-month,card,4,False,7.0,0,No
100244,45,75.92,one-year,card,1,False,6.0,0,No
100245,6,117.57,month-to-month,check,0,True,32.0,0,No
100246,54,58.66,one-year,paypal,2,False,18.0,0,No
100247,30,76.5,month-to-month,card,1,True,5.0,1,Yes
100248,56,95.62,two-year,card,1,True,15.0,0,No
100249,3,65.9,month-to-month,bank,4,False,21.0,1,Yes
100250,13,55.48,month-to-month,card,1,False,6.0,1,Yes
100251,36,15.0,month-to-month,paypal,0,False,11.0,0,No
100252,14,86.02,month-to-month,check,2,True,21.0,1,Yes
100253,24,67.17,month-to-month,check,2,True,15.0,0,No
100254,47,44.68,one-year,bank,2,False,4.0,0,No
100255,11,73.16,one-year,check,0,False,4.0,0,No
100256,49,55.41,month-to-month,check,1,False,,0,No
100257,8,56.79,one-year,check,2,False,8.0,0,No
100258,13,85.16,one-year,bank,0,False,18.0,0,No
100259,42,36.54,month-to-month,check,3,False,13.0,0,No
100260,57,96.18,month-to-month,check,3,True,16.0,0,No
100261,13,35.06,month-to-month,check,0,False,10.0,0,No
100262,22,53.43,month-to-month,paypal,4,False,21.0,1,Yes
100263,66,118.07,one-year,bank,0,True,9.0,0,No
100264,71,98.18,two-year,paypal,0,False,1.0,0,No
100265,42,72.44,one-year,card,1,False,5.0,0,No
100266,32,46.49,month-to-month,bank,1,True,26.0,0,No
100267,25,56.77,one-year,bank,3,True,2.0,0,No
100268,44,71.83,one-year,paypal,1,False,18.0,0,No
100269,42,70.94,month-to-month,card,2,False,6.0,0,No
100270,21,67.73,two-year,card,0,False,3.0,1,Yes
100271,2,69.23,month-to-month,bank,5,True,2.0,1,Yes
100272,11,64.64,month-to-month,paypal,2,False,21.0,0,No
100273,69,33.95,month-to-month,bank,0,True,20.0,0,No
100274,30,57.09,month-to-month,check,2,True,8.0,1,Yes
100275,35,92.87,two-year,card,1,True,10.0,0,No
100276,34,35.79,month-to-month,paypal,2,False,12.0,0,No
100277,56,65.26,month-to-month,paypal,2,True,,1,Yes
100278,5,49.51,month-to-month,card,1,True,6.0,0,No
100279,6,72.78,month-to-month,check,0,True,12.0,1,Yes
100280,20,60.28,month-to-month,card,2,False,,1,Yes
100281,35,106.93,month-to-month,check,1,True,8.0,0,No
100282,48,82.66,one-year,check,2,True,4.0,0,No
100283,35,37.2,month-to-month,paypal,2,False,3.0,0,No
100284,32,86.78,one-year,card,1,False,15.0,0,No
100285,67,50.63,month-to-month,bank,2,False,3.0,0,No
100286,12,55.58,one-year,check,0,False,7.0,0,No
100287,41,77.85,two-year,bank,2,False,16.0,0,No
100288,39,57.71,month-to-month,check,2,False,5.0,0,No
100289,34,92.32,month-to-month,card,3,False,3.0,0,No
100290,58,50.64,two-year,card,1,False,1.0,0,No
100291,19,54.53,month-to-month,check,3,True,20.0,0,No
100292,68,53.59,one-year,check,1,True,15.0,0,No
100293,24,55.86,month-to-month,card,1,True,9.0,0,No
100294,39,97.48,month-to-month,paypal,2,True,1.0,1,Yes
100295,37,85.72,month-to-month,paypal,3,False,2.0,1,Yes
100296,61,112.75,two-year,card,0,True,1.0,0,No
100297,32,126.69,month-to-month,bank,1,False,1.0,1,Yes
100298,21,44.23,one-year,check,1,False,18.0,0,No
100299,2,71.76,one-year,bank,2,False,2.0,1,Yes
100300,26,40.59,month-to-month,bank,2,True,1.0,1,Yes
100301,59,50.56,month-to-month,check,2,False,20.0,0,No
100302,1,54.25,month-to-month,paypal,3,True,3.0,1,Yes
100303,64,43.57,month-to-month,bank,0,True,26.0,0,No
100304,39,43.7,one-year,card,0,False,13.0,0,No
100305,10,66.39,month-to-month,check,3,True,4.0,0,No
100306,22,39.58,month-to-month,check,3,False,0.0,0,No
100307,40,91.05,one-year,check,1,True,2.0,0,No
100308,23,47.06,one-year,check,0,False,,0,No
100309,8,140.24,month-to-month,paypal,2,True,3.0,1,Yes
100310,48,58.72,one-year,check,2,False,1.0,0,No
100311,48,71.8,month-to-month,check,2,True,,0,No
100312,9,37.62,one-year,bank,2,False,3.0,1,Yes
100313,20,112.65,month-to-month,bank,2,True,4.0,1,Yes
100314,18,97.99,month-to-month,bank,3,False,10.0,1,Yes
100315,47,77.42,month-to-month,bank,2,False,28.0,0,No
100316,52,36.33,one-year,check,1,False,6.0,0,No
100317,52,75.27,one-year,check,2,True,1.0,0,No
100318,67,41.96,month-to-month,paypal,2,False,16.0,0,No
100319,55,106.56,two-year,bank,1,False,,0,No
100320,23,90.23,two-year,check,1,False,2.0,0,No
100321,8,72.39,month-to-month,bank,3,False,11.0,1,Yes
100322,44,15.0,one-year,bank,2,False,12.0,0,No
100323,66,45.41,month-to-month,card,4,False,,0,No
100324,70,87.19,two-year,bank,4,False,4.0,0,No
100325,17,100.32,month-to-month,check,1,True,7.0,0,No
100326,17,97.73,month-to-month,card,0,True,5.0,0,No
100327,3,30.2,month-to-month,card,4,False,1.0,1,Yes
100328,11,77.54,month-to-month,bank,2,False,21.0,1,Yes
100329,40,95.39,one-year,paypal,2,False,2.0,0,No
100330,39,28.54,month-to-month,card,1,True,,0,No
100331,27,69.8,month-to-month,card,2,True,8.0,0,No
100332,23,76.85,month-to-month,bank,0,True,,0,No
100333,59,62.48,two-year,bank,4,False,,0,No
100334,33,23.7,one-year,paypal,2,False,,0,No
100335,58,61.86,month-to-month,card,2,True,6.0,0,No
100336,69,61.82,month-to-month,bank,2,True,10.0,0,No
100337,23,66.3,month-to-month,bank,2,True,20.0,0,No
100338,15,55.91,two-year,card,2,False,32.0,0,No
100339,68,58.92,one-year,bank,0,False,1.0,0,No
100340,46,69.01,one-year,bank,1,True,2.0,0,No
100341,21,81.06,two-year,check,0,True,6.0,0,No
100342,45,62.39,month-to-month,paypal,5,False,8.0,1,Yes
100343,37,59.76,one-year,card,3,False,15.0,0,No
100344,65,72.31,month-to-month,bank,1,False,7.0,0,No
100345,19,21.98,month-to-month,bank,1,False,11.0,0,No
100346,71,81.93,month-to-month,paypal,2,False,20.0,0,No
100347,67,69.99,month-to-month,card,0,False,18.0,0,No
100348,13,70.99,two-year,bank,1,False,15.0,0,No
100349,12,94.02,month-to-month,bank,2,True,1.0,0,No
100350,38,21.18,two-year,bank,1,True,20.0,0,No
100351,4,20.65,one-year,paypal,0,True,6.0,0,No
100352,22,76.85,one-year,check,5,False,1.0,0,No
100353,31,69.82,two-year,bank,2,False,2.0,0,No
100354,69,74.25,month-to-month,paypal,3,True,,0,No
100355,71,58.45,month-to-month,paypal,1,False,5.0,0,No
100356,11,86.61,month-to-month,card,2,False,9.0,1,Yes
100357,64,93.32,month-to-month,bank,0,True,52.0,0,No
100358,7,82.1,two-year,bank,1,False,3.0,1,Yes
100359,54,63.48,month-to-month,bank,2,False,13.0,0,No
100360,61,17.31,month-to-month,bank,1,True,14.0,0,No
100361,64,89.23,month-to-month,paypal,3,False,,1,Yes
100362,16,100.54,month-to-month,paypal,2,True,5.0,1,Yes
100363,64,86.11,one-year,card,2,False,,0,No
100364,9,48.01,month-to-month,paypal,1,False,3.0,0,No
100365,37,86.84,one-year,paypal,2,False,4.0,0,No
100366,34,91.51,one-year,bank,1,False,3.0,0,No
100367,23,108.97,one-year,bank,4,True,13.0,0,No
100368,2,48.1,month-to-month,card,1,True,23.0,0,No
100369,55,64.34,one-year,bank,0,False,8.0,0,No
100370,24,88.68,month-to-month,card,2,True,2.0,0,No
100371,47,71.44,month-to-month,paypal,0,False,,0,No
100372,30,42.07,one-year,card,1,True,,0,No
100373,27,80.37,one-year,bank,1,True,1.0,0,No
100374,63,84.47,month-to-month,bank,0,False,28.0,0,No
100375,7,72.2,two-year,paypal,2,False,6.0,0,No
100376,53,75.49,month-to-month,paypal,2,False,0.0,1,Yes
100377,54,63.53,one-year,paypal,3,False,15.0,0,No
100378,27,106.96,two-year,bank,3,False,2.0,0,No
100379,19,47.48,month-to-month,bank,2,False,,1,Yes
100380,1,55.32,two-year,check,2,False,2.0,0,No
100381,67,70.27,one-year,bank,1,False,9.0,0,No
100382,68,91.97,one-year,card,1,False,16.0,0,No
100383,18,32.57,one-year,paypal,4,False,1.0,0,No
100384,3,37.24,one-year,card,4,True,28.0,1,Yes
100385,9,19.06,month-to-month,card,0,False,18.0,0,No
100386,5,70.82,one-year,paypal,1,True,,0,No
100387,60,42.04,month-to-month,check,0,False,29.0,0,No
100388,64,60.39,two-year,check,1,False,3.0,0,No
100389,11,86.53,month-to-month,card,1,False,,0,No
100390,54,53.96,month-to-month,bank,2,False,27.0,0,No
100391,13,75.78,two-year,card,1,False,9.0,0,No
100392,27,62.52,month-to-month,check,2,True,1.0,1,Yes
100393,43,86.8,month-to-month,check,2,False,22.0,0,No
100394,52,81.88,one-year,bank,3,False,,0,No
100395,63,52.7,month-to-month,check,1,True,5.0,0,No
100396,4,65.78,month-to-month,paypal,0,True,5.0,0,No
100397,14,96.09,month-to-month,check,2,False,,1,Yes
100398,20,79.83,month-to-month,card,1,False,16.0,0,No
100399,23,35.08,month-to-month,check,1,False,9.0,0,No
100400,71,86.39,month-to-month,card,0,False,1.0,0,No
100401,56,42.88,month-to-month,bank,0,False,3.0,0,No
100402,23,105.31,month-to-month,paypal,2,True,4.0,1,Yes
100403,69,95.6,month-to-month,bank,0,False,0.0,0,No
100404,36,77.25,one-year,paypal,3,False,,0,No
100405,36,73.93,one-year,card,3,True,1.0,0,No
100406,31,64.77,month-to-month,paypal,2,False,11.0,0,No
100407,11,86.96,month-to-month,bank,2,True,4.0,1,Yes
100408,67,60.73,two-year,card,3,True,3.0,0,No
100409,1,75.89,one-year,bank,1,False,7.0,0,No
100410,13,91.8,month-to-month,card,1,True,1.0,1,Yes
100411,17,55.95,month-to-month,check,1,False,2.0,1,Yes
100412,20,54.6,month-to-month,card,0,False,1.0,0,No
100413,10,40.14,two-year,card,2,False,21.0,0,No
100414,2,43.39,two-year,check,1,False,19.0,0,No
100415,49,24.29,two-year,card,2,True,4.0,0,No
100416,69,88.25,month-to-month,bank,2,True,1.0,1,Yes
100417,9,115.22,month-to-month,check,2,False,13.0,1,Yes
100418,22,105.63,month-to-month,bank,1,True,6.0,0,No
100419,36,29.35,month-to-month,card,0,True,4.0,0,No
100420,66,88.12,month-to-month,card,2,True,2.0,0,No
100421,50,105.55,one-year,paypal,1,False,3.0,0,No
100422,55,58.58,month-to-month,paypal,2,True,28.0,0,No
100423,42,72.54,two-year,bank,2,True,10.0,0,No
100424,30,19.8,month-to-month,paypal,2,False,7.0,0,No
100425,15,76.67,month-to-month,card,2,False,8.0,1,Yes
100426,62,43.41,two-year,card,0,True,1.0,0,No
100427,58,74.99,one-year,paypal,4,False,19.0,0,No
100428,2,30.97,month-to-month,check,0,False,6.0,1,Yes
100429,51,83.57,one-year,check,3,False,16.0,0,No
100430,6,95.61,month-to-month,bank,0,True,5.0,1,Yes
100431,53,50.42,month-to-month,paypal,1,True,,0,No
100432,59,41.58,month-to-month,check,0,True,7.0,0,No
100433,10,16.1,month-to-month,bank,2,False,0.0,0,No
100434,31,63.34,one-year,bank,0,True,4.0,0,No
100435,9,55.46,month-to-month,bank,0,False,1.0,1,Yes
100436,41,31.22,one-year,check,2,True,36.0,0,No
100437,66,81.33,one-year,check,1,True,6.0,0,No
100438,6,58.75,month-to-month,paypal,0,False,14.0,1,Yes
100439,29,43.11,month-to-month,bank,1,False,12.0,0,No
100440,70,56.14,month-to-month,bank,0,True,7.0,0,No
100441,22,96.78,one-year,check,1,True,16.0,0,No
100442,10,85.07,one-year,check,1,False,17.0,0,No
100443,35,66.75,one-year,bank,0,True,10.0,0,No
100444,37,85.48,month-to-month,card,0,False,1.0,0,No
100445,48,40.98,month-to-month,bank,2,False,5.0,0,No
100446,23,70.81,month-to-month,card,2,True,3.0,0,No
100447,68,73.68,month-to-month,card,0,False,33.0,0,No
100448,37,58.25,one-year,paypal,0,True,1.0,0,No
100449,21,80.89,month-to-month,paypal,0,False,10.0,0,No
100450,69,50.49,month-to-month,card,1,False,17.0,0,No
100451,66,82.75,month-to-month,bank,3,False,4.0,1,Yes
100452,36,83.8,month-to-month,bank,3,False,0.0,0,No
100453,2,15.0,one-year,paypal,0,False,4.0,0,No
100454,43,99.76,month-to-month,bank,1,True,5.0,0,No
100455,40,15.0,two-year,bank,1,True,2.0,0,No
100456,11,54.6,two-year,check,2,True,6.0,0,No
100457,46,95.63,two-year,bank,1,False,11.0,0,No
100458,60,62.07,one-year,card,2,False,16.0,0,No
100459,8,33.35,one-year,bank,1,False,1.0,0,No
100460,52,42.66,one-year,card,2,False,11.0,0,No
100461,10,95.67,month-to-month,check,4,False,,1,Yes
100462,54,21.96,month-to-month,paypal,3,True,9.0,1,Yes
100463,30,98.22,one-year,paypal,1,True,4.0,0,No
100464,1,68.62,month-to-month,bank,0,False,33.0,0,No
100465,69,40.19,month-to-month,bank,1,True,1.0,0,No
100466,12,55.42,two-year,card,1,True,3.0,0,No
100467,43,44.57,month-to-month,bank,1,True,4.0,0,No
100468,13,91.66,month-to-month,card,1,False,8.0,1,Yes
100469,67,88.31,one-year,check,3,True,32.0,0,No
100470,53,27.02,month-to-month,paypal,0,False,2.0,0,No
100471,58,59.91,two-year,card,4,True,6.0,0,No
100472,31,48.42,month-to-month,check,3,True,13.0,0,No
100473,34,102.34,two-year,check,1,False,1.0,1,Yes
100474,46,36.25,one-year,bank,2,False,7.0,0,No
100475,56,110.11,month-to-month,check,1,False,18.0,1,No
100476,61,69.17,month-to-month,check,1,True,,0,No
100477,2,40.95,month-to-month,bank,3,False,,0,No
100478,48,53.07,month-to-month,paypal,3,False,19.0,0,No
100479,8,49.96,month-to-month,check,1,False,2.0,1,Yes
100480,21,38.13,two-year,bank,1,True,0.0,0,No
100481,59,72.37,month-to-month,check,1,False,5.0,0,No
100482,18,39.3,two-year,check,0,True,1.0,0,No
100483,57,15.49,month-to-month,card,2,False,6.0,0,No
100484,33,60.51,two-year,card,8,False,3.0,1,Yes
100485,17,24.93,month-to-month,bank,4,False,,0,No
100486,24,51.2,month-to-month,card,2,True,2.0,0,No
100487,38,47.27,one-year,bank,4,True,5.0,0,No
100488,55,48.22,month-to-month,bank,1,True,11.0,1,Yes
100489,44,120.02,two-year,paypal,1,False,4.0,1,Yes
100490,67,71.41,month-to-month,card,1,True,23.0,0,No
100491,62,76.13,month-to-month,check,0,True,24.0,0,No
100492,54,25.59,month-to-month,check,2,True,6.0,0,No
100493,43,53.65,one-year,bank,1,True,2.0,0,No
100494,21,75.38,month-to-month,paypal,0,False,25.0,1,Yes
100495,30,44.39,month-to-month,bank,0,True,5.0,1,No
100496,9,92.7,month-to-month,bank,4,False,10.0,1,Yes
100497,27,39.93,month-to-month,card,3,False,3.0,0,No
100498,66,62.84,month-to-month,bank,0,False,29.0,0,No
100499,31,55.35,two-year,card,2,False,,0,No
100500,9,74.11,month-to-month,paypal,2,False,,1,Yes
100501,47,53.99,one-year,card,0,False,,0,No
100502,69,63.23,month-to-month,paypal,0,True,,0,No
100503,62,64.1,month-to-month,card,2,False,17.0,0,No
100504,20,51.64,month-to-month,bank,0,True,1.0,0,No
100505,33,82.13,month-to-month,card,1,True,0.0,0,No
100506,38,75.96,month-to-month,bank,1,False,10.0,1,Yes
100507,18,67.78,month-to-month,check,3,False,1.0,0,No
100508,20,59.24,month-to-month,bank,1,True,16.0,0,No
100509,17,89.91,two-year,check,2,True,25.0,0,No
100510,71,64.1,month-to-month,paypal,0,True,7.0,0,No
100511,53,62.33,month-to-month,card,3,False,1.0,0,No
100512,60,72.62,month-to-month,bank,0,True,6.0,0,No
100513,58,112.41,month-to-month,check,1,False,10.0,0,No
100514,69,36.49,one-year,check,0,True,31.0,0,No
100515,8,89.25,month-to-month,card,2,False,,1,Yes
100516,63,22.67,one-year,card,3,False,0.0,0,No
100517,5,75.43,month-to-month,bank,1,False,2.0,1,Yes
100518,34,109.38,month-to-month,check,1,False,5.0,0,No
100519,43,82.22,two-year,paypal,1,True,0.0,0,No
100520,26,74.27,month-to-month,bank,0,False,3.0,0,No
100521,11,55.99,one-year,check,4,True,4.0,0,No
100522,14,70.78,month-to-month,bank,2,True,1.0,1,Yes
100523,59,63.7,two-year,card,1,True,5.0,0,No
100524,23,50.35,month-to-month,bank,2,False,3.0,0,No
100525,23,62.75,month-to-month,bank,1,False,2.0,1,Yes
100526,66,74.96,one-year,card,1,True,5.0,0,No
100527,11,50.82,month-to-month,check,3,False,12.0,0,No
100528,65,49.84,month-to-month,bank,0,True,10.0,0,No
100529,66,35.99,two-year,card,1,True,9.0,0,No
100530,43,79.77,one-year,bank,3,True,27.0,0,No
100531,12,83.63,one-year,paypal,1,False,1.0,0,No
100532,12,75.79,one-year,check,1,False,5.0,0,No
100533,21,94.13,two-year,bank,3,True,1.0,1,Yes
100534,41,72.2,two-year,paypal,0,True,22.0,0,No
100535,11,79.8,one-year,card,2,False,16.0,0,No
100536,33,77.6,month-to-month,bank,0,False,20.0,1,Yes
100537,9,67.71,month-to-month,check,0,True,6.0,0,No
100538,39,56.73,one-year,bank,3,False,5.0,0,No
100539,2,125.35,two-year,check,2,False,4.0,1,Yes
100540,51,58.7,month-to-month,check,1,False,9.0,0,No
100541,4,53.35,month-to-month,bank,2,True,10.0,1,No
100542,14,80.85,month-to-month,paypal,2,False,13.0,1,Yes
100543,13,76.3,month-to-month,paypal,0,False,4.0,0,No
100544,60,34.88,two-year,bank,1,True,19.0,0,No
100545,4,98.07,month-to-month,paypal,2,False,21.0,0,No
100546,31,67.65,one-year,check,1,False,3.0,0,No
100547,42,42.23,one-year,card,1,False,7.0,0,No
100548,37,99.72,two-year,card,3,False,11.0,0,No
100549,49,85.64,month-to-month,card,1,True,,0,No
100550,58,38.39,two-year,card,1,False,47.0,0,No
100551,28,114.43,one-year,bank,0,True,20.0,0,No
100552,59,86.47,one-year,card,3,False,4.0,0,No
100553,23,69.75,month-to-month,check,3,True,3.0,0,No
100554,70,109.76,month-to-month,bank,1,True,3.0,0,No
100555,36,73.98,one-year,check,1,False,3.0,0,No
100556,53,69.3,month-to-month,check,2,False,1.0,0,No
100557,63,53.49,month-to-month,bank,0,False,15.0,0,No
100558,57,84.55,one-year,check,1,False,0.0,0,No
100559,61,81.92,one-year,paypal,5,True,2.0,0,No
100560,39,70.37,month-to-month,bank,1,True,20.0,0,No
100561,4,50.25,month-to-month,bank,0,False,,1,Yes
100562,36,73.25,month-to-month,check,0,True,16.0,0,No
100563,13,68.26,two-year,paypal,1,False,9.0,0,No
100564,64,36.66,two-year,check,2,False,2.0,0,No
100565,17,33.2,month-to-month,paypal,3,False,4.0,0,No
100566,17,84.13,month-to-month,card,3,False,6.0,1,Yes
100567,18,15.0,month-to-month,card,2,False,14.0,1,Yes
100568,46,75.14,month-to-month,bank,4,False,2.0,1,Yes
100569,41,58.05,two-year,card,2,False,,0,No
100570,68,102.71,month-to-month,card,0,False,3.0,1,Yes
100571,30,57.66,month-to-month,card,2,True,11.0,0,No
100572,21,86.49,month-to-month,bank,2,False,9.0,0,No
100573,4,60.08,month-to-month,paypal,2,True,21.0,0,No
100574,1,72.84,two-year,paypal,0,False,3.0,0,No
100575,27,88.42,one-year,bank,0,False,9.0,1,Yes
100576,66,58.44,one-year,paypal,0,False,14.0,0,No
100577,38,94.91,month-to-month,paypal,1,True,8.0,1,Yes
100578,64,45.16,two-year,bank,1,False,10.0,0,No
100579,8,77.36,month-to-month,bank,1,True,8.0,0,No
100580,7,93.07,two-year,paypal,2,False,29.0,1,Yes
100581,60,86.5,two-year,bank,5,False,33.0,0,No
100582,8,117.91,month-to-month,bank,1,False,3.0,0,No
100583,4,50.91,two-year,paypal,5,True,7.0,1,Yes
100584,29,35.52,month-to-month,check,1,False,7.0,0,No
100585,66,45.14,one-year,bank,2,False,13.0,0,No
100586,49,86.51,month-to-month,paypal,0,False,5.0,0,No
100587,8,82.45,month-to-month,check,1,False,8.0,0,No
100588,60,72.56,month-to-month,bank,2,False,,0,No
100589,60,41.93,month-to-month,bank,2,False,10.0,0,No
100590,57,89.17,month-to-month,card,1,True,7.0,1,Yes
100591,65,39.38,month-to-month,card,1,False,10.0,0,No
100592,18,98.97,one-year,paypal,0,False,1.0,1,Yes
100593,70,141.44,month-to-month,card,0,True,8.0,0,No
100594,23,79.16,month-to-month,paypal,0,True,5.0,0,No
100595,57,84.58,two-year,card,1,False,21.0,0,No
100596,42,57.68,two-year,check,2,False,2.0,0,No
100597,56,24.74,month-to-month,check,1,False,18.0,0,No
100598,45,54.93,month-to-month,paypal,0,False,1.0,0,No
100599,46,42.68,one-year,bank,0,False,1.0,0,No
100600,44,33.82,one-year,paypal,2,False,13.0,0,No
100601,56,113.06,month-to-month,bank,2,True,2.0,1,Yes
100602,53,76.82,one-year,paypal,2,False,0.0,1,Yes
100603,10,79.49,month-to-month,card,2,False,4.0,0,No
100604,59,62.27,month-to-month,bank,2,False,6.0,0,No
100605,39,65.68,one-year,check,2,True,3.0,0,No
100606,23,94.11,one-year,check,1,False,7.0,0,No
100607,37,69.19,two-year,paypal,1,False,7.0,0,No
100608,69,83.27,month-to-month,bank,3,False,14.0,0,No
100609,61,65.1,month-to-month,check,5,False,19.0,1,Yes
100610,60,61.45,month-to-month,check,1,False,14.0,0,No
100611,33,34.83,month-to-month,paypal,1,False,13.0,0,No
100612,56,20.56,month-to-month,card,2,False,11.0,0,No
100613,28,63.46,month-to-month,card,0,True,8.0,0,No
100614,49,71.41,month-to-month,check,2,False,0.0,1,Yes
100615,46,37.85,one-year,card,1,True,13.0,0,No
100616,18,69.14,month-to-month,card,2,False,3.0,0,No
100617,19,71.34,month-to-month,check,1,False,,0,No
100618,5,16.1,one-year,bank,1,False,0.0,0,No
100619,10,47.12,month-to-month,bank,1,False,1.0,1,Yes
100620,31,80.18,two-year,bank,0,False,2.0,0,No
100621,34,79.68,month-to-month,check,1,True,1.0,0,No
100622,12,41.16,month-to-month,bank,3,False,13.0,0,No
100623,30,73.96,two-year,paypal,1,True,8.0,0,No
100624,43,95.56,one-year,card,1,False,2.0,0,No
100625,17,89.43,one-year,card,2,False,7.0,1,Yes
100626,25,67.62,one-year,card,2,False,0.0,0,No
100627,27,58.3,month-to-month,paypal,1,True,17.0,0,No
100628,36,54.27,one-year,bank,0,False,,0,No
100629,27,81.7,two-year,card,1,False,7.0,0,No
100630,53,74.88,two-year,bank,1,False,2.0,0,No
100631,24,85.74,month-to-month,check,0,False,7.0,1,Yes
100632,31,73.3,month-to-month,bank,3,False,6.0,0,No
100633,27,90.47,one-year,bank,1,False,18.0,0,No
100634,13,72.36,month-to-month,card,1,True,3.0,0,No
100635,49,89.62,month-to-month,check,4,True,21.0,0,No
100636,17,91.77,month-to-month,card,3,False,31.0,1,Yes
100637,22,49.89,month-to-month,card,1,False,6.0,1,Yes
100638,57,24.8,month-to-month,check,1,True,34.0,0,No
100639,68,108.59,month-to-month,paypal,0,True,21.0,0,No
100640,48,76.42,month-to-month,check,1,False,8.0,0,No
100641,66,27.14,month-to-month,paypal,1,True,10.0,0,No
100642,61,52.15,two-year,bank,0,False,7.0,0,No
100643,35,89.3,month-to-month,check,2,False,13.0,1,Yes
100644,55,63.01,month-to-month,bank,0,False,0.0,0,No
100645,24,57.2,month-to-month,check,2,True,,0,No
100646,33,105.02,month-to-month,paypal,1,True,0.0,0,No
100647,39,43.82,two-year,check,2,True,37.0,0,No
100648,69,50.05,two-year,card,0,True,23.0,0,No
100649,61,75.28,month-to-month,check,0,False,2.0,0,No
100650,35,79.76,month-to-month,bank,4,False,2.0,1,Yes
100651,47,82.41,month-to-month,check,2,True,5.0,0,No
100652,15,92.78,month-to-month,check,1,False,11.0,1,Yes
100653,58,74.96,month-to-month,check,4,False,10.0,0,No
100654,40,82.23,month-to-month,paypal,0,True,3.0,0,No
100655,38,63.52,month-to-month,paypal,3,True,5.0,0,No
100656,55,71.57,one-year,paypal,1,False,2.0,0,No
100657,45,72.69,month-to-month,check,3,False,2.0,0,No
100658,6,75.38,month-to-month,bank,1,False,,1,Yes
100659,21,89.31,month-to-month,card,1,True,26.0,1,Yes
100660,13,83.88,month-to-month,paypal,2,False,22.0,0,No
100661,53,71.11,month-to-month,paypal,2,True,12.0,0,No
100662,3,49.77,month-to-month,card,2,True,11.0,0,No
100663,15,71.69,month-to-month,card,1,False,,0,No
100664,43,69.3,month-to-month,check,2,False,1.0,1,Yes
100665,50,74.83,two-year,card,2,True,7.0,1,No
100666,36,125.16,two-year,card,2,True,1.0,1,Yes
100667,62,56.91,month-to-month,paypal,5,False,0.0,0,No
100668,66,80.56,month-to-month,card,4,True,2.0,0,No
100669,10,96.71,one-year,card,1,True,8.0,1,Yes
100670,68,72.45,one-year,paypal,4,True,16.0,0,No
100671,44,128.45,month-to-month,card,0,True,5.0,0,No
100672,46,60.55,month-to-month,paypal,1,False,13.0,0,No
100673,7,78.1,month-to-month,check,2,True,1.0,1,Yes
100674,45,50.03,one-year,check,0,False,4.0,0,No
100675,52,61.21,month-to-month,paypal,3,False,13.0,0,No
100676,42,76.22,month-to-month,card,0,True,3.0,0,No
100677,6,91.16,month-to-month,card,1,False,17.0,1,Yes
100678,38,77.98,month-to-month,card,2,True,0.0,0,Yes
100679,67,101.48,month-to-month,bank,2,False,,0,No
100680,52,67.63,one-year,paypal,1,False,25.0,0,No
100681,10,61.7,month-to-month,card,3,False,16.0,1,Yes
100682,69,137.6,month-to-month,bank,1,True,,0,No
100683,69,79.86,month-to-month,bank,1,False,0.0,0,No
100684,13,52.01,two-year,card,1,False,3.0,0,No
100685,57,52.64,month-to-month,bank,3,True,11.0,0,No
100686,29,46.43,month-to-month,card,0,True,7.0,0,No
100687,43,93.41,month-to-month,card,1,True,,0,No
100688,32,60.89,two-year,check,0,True,1.0,0,No
100689,56,73.18,one-year,paypal,2,True,18.0,0,No
100690,71,68.41,two-year,bank,1,False,5.0,0,No
100691,57,88.29,one-year,check,0,False,4.0,1,Yes
100692,67,48.83,month-to-month,check,2,True,6.0,0,No
100693,68,43.11,month-to-month,paypal,2,False,31.0,0,No
100694,7,75.61,month-to-month,paypal,2,False,20.0,1,Yes
100695,18,85.02,one-year,paypal,1,False,36.0,0,No
100696,52,78.31,one-year,paypal,0,False,24.0,0,No
100697,42,49.76,month-to-month,paypal,0,False,7.0,0,No
100698,4,86.94,two-year,paypal,1,False,8.0,0,No
100699,7,51.4,month-to-month,check,2,True,9.0,0,No
100700,37,56.96,month-to-month,bank,2,True,7.0,1,Yes
100701,44,46.4,month-to-month,bank,2,False,10.0,1,Yes
100702,12,102.53,two-year,check,2,True,11.0,1,Yes
100703,13,85.84,two-year,paypal,3,True,16.0,0,No
100704,10,85.12,month-to-month,paypal,1,True,6.0,1,Yes
100705,41,101.18,two-year,check,3,False,13.0,0,No
100706,1,140.32,two-year,card,5,True,7.0,0,No
100707,41,27.27,two-year,bank,3,False,33.0,0,No
100708,34,51.54,two-year,check,1,False,11.0,0,No
100709,34,54.6,month-to-month,bank,1,False,10.0,1,No
100710,49,48.73,one-year,bank,1,False,6.0,0,No
100711,38,43.06,one-year,bank,2,False,2.0,0,No
100712,52,62.51,one-year,card,3,True,1.0,1,No
100713,55,39.58,month-to-month,bank,0,True,2.0,0,No
100714,66,78.38,one-year,bank,3,False,21.0,0,No
100715,57,71.29,two-year,paypal,4,False,,0,No
100716,37,82.03,month-to-month,card,3,False,20.0,0,No
100717,35,82.69,two-year,bank,2,False,6.0,0,No
100718,17,85.08,month-to-month,paypal,1,False,17.0,0,No
100719,43,60.66,month-to-month,bank,2,True,9.0,0,No
100720,10,123.03,month-to-month,bank,1,False,10.0,0,No
100721,67,75.86,one-year,card,3,False,14.0,0,No
100722,60,23.44,one-year,check,3,False,4.0,0,No
100723,9,44.94,month-to-month,paypal,0,True,1.0,0,No
100724,56,26.49,one-year,bank,1,True,11.0,0,No
100725,9,70.43,month-to-month,bank,2,False,5.0,0,No
100726,52,66.95,month-to-month,check,3,True,8.0,0,No
100727,7,58.29,two-year,bank,0,True,12.0,1,Yes
100728,35,120.27,one-year,bank,2,False,3.0,0,No
100729,47,83.72,one-year,paypal,1,False,5.0,0,No
100730,52,88.15,one-year,bank,2,True,,0,No
100731,30,46.72,two-year,paypal,3,False,1.0,0,No
100732,66,45.02,month-to-month,bank,1,True,6.0,0,No
100733,55,70.92,month-to-month,check,2,True,12.0,0,No
100734,15,74.33,month-to-month,bank,2,False,,0,No
100735,48,23.59,one-year,check,3,False,5.0,1,No
100736,52,65.49,one-year,bank,0,True,4.0,0,No
100737,24,70.35,one-year,card,0,False,,0,No
100738,53,64.62,month-to-month,check,3,False,1.0,0,No
100739,64,49.67,month-to-month,paypal,1,False,3.0,0,No
100740,59,56.51,one-year,card,2,False,11.0,0,No
100741,55,65.58,two-year,check,2,True,,0,No
100742,46,72.27,month-to-month,check,1,True,7.0,0,No
100743,20,85.12,month-to-month,check,0,False,10.0,1,Yes
100744,57,97.02,month-to-month,card,0,False,1.0,0,No
100745,26,62.64,month-to-month,card,2,True,10.0,0,No
100746,38,58.6,month-to-month,check,2,True,,0,No
100747,23,80.94,month-to-month,check,3,True,6.0,0,No
100748,23,85.27,one-year,bank,1,True,,0,No
100749,12,59.14,month-to-month,bank,4,True,23.0,0,No
100750,69,89.76,month-to-month,check,3,False,21.0,1,Yes
100751,11,94.49,month-to-month,bank,0,True,11.0,0,No
100752,7,102.29,two-year,bank,0,False,15.0,0,No
100753,67,114.46,month-to-month,check,0,True,21.0,0,No
100754,40,48.34,month-to-month,paypal,1,True,17.0,0,No
100755,32,70.35,month-to-month,paypal,3,False,11.0,0,Yes
100756,53,70.28,one-year,card,2,True,14.0,0,No
100757,28,67.55,two-year,bank,0,True,12.0,0,No
100758,10,53.77,month-to-month,card,1,False,8.0,1,Yes
100759,52,32.86,month-to-month,paypal,2,True,7.0,0,No
100760,13,72.32,month-to-month,check,1,True,19.0,1,Yes
100761,40,50.79,one-year,card,3,False,15.0,0,No
100762,68,72.15,two-year,paypal,0,False,,0,No
100763,67,50.15,month-to-month,check,2,False,17.0,0,No
100764,26,42.51,month-to-month,card,1,True,41.0,0,No
100765,56,75.86,one-year,card,2,True,8.0,0,No
100766,44,73.77,one-year,paypal,1,False,7.0,0,No
100767,35,84.48,month-to-month,bank,3,False,6.0,1,No
100768,10,124.65,month-to-month,check,3,True,13.0,1,Yes
100769,27,76.93,month-to-month,paypal,1,False,2.0,0,No
100770,47,82.13,one-year,bank,3,False,1.0,0,No
100771,71,43.06,one-year,card,1,False,5.0,0,No
100772,1,37.83,one-year,card,3,False,31.0,0,No
100773,51,109.57,two-year,paypal,1,False,9.0,1,Yes
100774,61,46.91,month-to-month,check,1,False,14.0,0,No
100775,68,43.9,month-to-month,bank,0,True,13.0,0,No
100776,31,69.02,month-to-month,card,0,False,,0,No
100777,9,67.75,two-year,check,2,False,12.0,0,No
100778,20,47.44,one-year,card,2,False,,0,No
100779,61,62.38,month-to-month,card,0,False,1.0,0,No
100780,63,100.73,month-to-month,check,3,True,2.0,1,Yes
100781,46,49.85,one-year,check,1,True,10.0,0,No
100782,9,35.16,one-year,check,1,False,5.0,0,No
100783,9,93.56,one-year,paypal,2,False,6.0,0,No
100784,34,82.31,month-to-month,bank,0,False,6.0,0,No
100785,42,54.49,two-year,check,1,True,6.0,0,No
100786,3,30.45,one-year,bank,1,False,,0,No
100787,49,51.38,one-year,bank,0,False,9.0,0,No
100788,39,68.63,one-year,card,1,False,35.0,0,No
100789,1,99.14,two-year,paypal,1,True,6.0,1,Yes
100790,7,44.09,two-year,check,3,False,10.0,0,No
100791,33,67.89,one-year,check,1,True,17.0,0,No
100792,52,86.88,month-to-month,card,1,False,0.0,0,No
100793,59,15.0,month-to-month,card,3,True,1.0,0,No
100794,31,95.84,two-year,paypal,0,False,10.0,0,No
100795,21,40.44,one-year,check,2,True,,0,No
100796,69,78.3,month-to-month,card,1,True,4.0,0,No
100797,33,76.17,month-to-month,check,2,True,25.0,0,No
100798,23,97.11,two-year,paypal,4,False,26.0,1,Yes
100799,32,83.77,two-year,paypal,3,False,1.0,0,No
100800,1,15.0,two-year,bank,0,False,6.0,0,No
100801,22,50.38,month-to-month,bank,1,False,8.0,0,No
100802,37,73.46,one-year,paypal,0,True,20.0,0,No
100803,66,65.13,two-year,bank,2,True,18.0,0,No
100804,53,81.94,month-to-month,check,5,True,7.0,0,No
100805,56,89.73,month-to-month,paypal,3,False,6.0,1,Yes
100806,39,85.21,two-year,bank,2,False,5.0,0,No
100807,8,64.64,month-to-month,check,1,True,11.0,0,No
100808,28,23.84,one-year,bank,3,False,5.0,0,No
100809,71,58.61,one-year,check,1,False,,0,No
100810,4,80.41,one-year,card,1,False,6.0,0,No
100811,63,42.74,month-to-month,paypal,2,True,4.0,0,No
100812,49,85.78,one-year,check,1,False,25.0,0,No
100813,21,92.71,month-to-month,card,3,False,4.0,1,Yes
100814,56,73.17,two-year,check,3,False,,0,No
100815,60,15.0,month-to-month,bank,0,False,32.0,0,No
100816,4,38.05,one-year,paypal,2,True,24.0,0,No
100817,8,117.15,one-year,paypal,1,False,4.0,0,No
100818,48,56.34,month-to-month,bank,1,False,3.0,1,No
100819,71,20.4,month-to-month,check,5,False,5.0,0,No
100820,2,100.88,one-year,card,3,False,,0,No
100821,48,70.33,month-to-month,paypal,0,False,15.0,0,No
100822,10,97.62,month-to-month,check,2,True,0.0,1,Yes
100823,47,76.92,month-to-month,check,2,True,12.0,0,No
100824,45,81.46,two-year,check,2,False,,0,No
100825,7,79.08,one-year,bank,0,False,5.0,1,Yes
100826,49,87.44,month-to-month,check,2,False,3.0,0,No
100827,64,126.94,two-year,bank,0,True,2.0,0,No
100828,62,94.28,month-to-month,check,1,False,8.0,1,Yes
100829,3,30.49,month-to-month,card,1,False,,0,No
100830,18,81.17,month-to-month,card,1,False,6.0,0,No
100831,18,98.54,month-to-month,paypal,1,True,14.0,0,No
100832,33,100.07,month-to-month,check,0,True,8.0,1,Yes
100833,11,59.33,one-year,card,0,False,9.0,0,No
100834,61,99.12,month-to-month,card,0,False,3.0,0,No
100835,56,93.19,one-year,check,0,False,26.0,0,No
100836,58,134.31,month-to-month,card,2,False,25.0,0,No
100837,15,51.25,month-to-month,bank,0,True,7.0,1,Yes
100838,2,57.31,month-to-month,bank,5,False,7.0,1,Yes
100839,65,62.35,one-year,card,2,True,0.0,0,No
100840,21,57.74,one-year,bank,1,True,4.0,0,No
100841,47,47.75,month-to-month,bank,0,False,22.0,0,No
100842,65,15.0,month-to-month,card,1,True,19.0,0,No
100843,3,59.13,month-to-month,check,3,False,5.0,1,Yes
100844,1,79.23,two-year,bank,2,False,1.0,1,Yes
100845,1,57.67,month-to-month,card,1,True,,0,No
100846,12,118.38,one-year,card,2,True,3.0,1,Yes
100847,4,70.33,month-to-month,paypal,1,True,2.0,1,Yes
100848,59,102.28,month-to-month,card,0,False,33.0,0,No
100849,44,76.54,one-year,paypal,1,False,7.0,0,No
100850,70,90.66,month-to-month,card,0,False,17.0,0,No
100851,57,76.98,month-to-month,card,2,False,17.0,0,No
100852,69,104.22,two-year,check,1,False,23.0,0,No
100853,17,71.4,month-to-month,paypal,5,False,2.0,1,Yes
100854,21,82.4,month-to-month,card,0,False,5.0,0,No
100855,61,79.16,month-to-month,bank,3,False,1.0,0,No
100856,18,62.79,month-to-month,paypal,2,False,10.0,0,No
100857,5,80.12,one-year,card,1,True,37.0,0,No
100858,48,125.86,month-to-month,card,1,False,9.0,0,No
100859,57,63.24,two-year,bank,0,False,10.0,0,No
100860,69,80.49,one-year,paypal,1,True,15.0,0,No
100861,66,101.44,two-year,paypal,2,False,7.0,0,No
100862,9,98.51,two-year,check,2,True,6.0,0,No
100863,55,70.29,two-year,check,2,False,8.0,0,No
100864,61,15.0,one-year,card,2,False,3.0,0,No
100865,50,82.92,month-to-month,card,0,True,3.0,0,No
100866,59,15.0,month-to-month,paypal,3,False,6.0,0,No
100867,60,106.75,one-year,check,2,False,6.0,0,No
100868,32,74.24,month-to-month,card,2,False,14.0,0,No
100869,3,94.99,one-year,check,1,False,7.0,0,No
100870,33,47.45,month-to-month,check,1,False,24.0,0,No
100871,15,31.19,two-year,check,0,False,10.0,0,No
100872,9,76.52,month-to-month,paypal,0,False,17.0,0,No
100873,9,69.16,two-year,check,0,False,,1,Yes
100874,50,57.71,month-to-month,card,0,True,10.0,0,No
100875,36,72.12,month-to-month,paypal,1,True,35.0,0,No
100876,39,139.19,two-year,card,1,True,0.0,1,Yes
100877,53,90.86,two-year,check,1,False,8.0,0,No
100878,39,96.24,one-year,paypal,3,False,5.0,0,No
100879,45,91.1,two-year,card,2,False,1.0,0,No
100880,7,106.99,month-to-month,paypal,2,True,1.0,1,Yes
100881,61,65.25,two-year,paypal,2,False,9.0,0,No
100882,32,18.63,month-to-month,check,1,False,13.0,0,No
100883,12,65.29,month-to-month,bank,0,True,24.0,1,Yes
100884,58,90.29,month-to-month,card,0,False,17.0,0,No
100885,53,45.75,month-to-month,check,4,True,33.0,1,Yes
100886,4,65.59,one-year,card,1,False,0.0,0,No
100887,14,52.71,one-year,check,0,True,35.0,0,No
100888,2,107.55,month-to-month,card,2,False,,1,Yes
100889,20,88.74,two-year,bank,2,False,9.0,0,No
100890,8,86.29,month-to-month,check,3,False,4.0,1,Yes
100891,51,85.54,month-to-month,card,0,True,12.0,0,No
100892,38,69.07,one-year,paypal,4,True,30.0,0,No
100893,70,74.94,month-to-month,check,0,False,10.0,0,No
100894,54,40.37,month-to-month,card,1,True,3.0,0,No
100895,44,15.34,one-year,paypal,2,True,,0,No
100896,37,73.75,month-to-month,check,1,False,7.0,1,Yes
100897,4,78.1,month-to-month,paypal,1,False,4.0,1,Yes
100898,5,100.23,one-year,check,1,False,8.0,0,No
100899,44,109.28,month-to-month,check,0,True,6.0,0,No
100900,1,109.25,two-year,bank,0,False,3.0,1,Yes
100901,4,45.05,one-year,card,2,False,0.0,0,No
100902,16,61.19,month-to-month,card,1,True,2.0,0,No
100903,63,82.01,month-to-month,bank,1,True,20.0,0,No
100904,33,133.3,month-to-month,bank,1,True,6.0,1,Yes
100905,51,107.0,one-year,paypal,1,False,3.0,0,No
100906,30,97.98,month-to-month,check,1,True,,1,Yes
100907,13,60.31,two-year,bank,1,False,11.0,0,No
100908,27,47.92,month-to-month,check,2,True,,1,Yes
100909,7,89.72,one-year,check,0,True,3.0,1,Yes
100910,55,42.48,month-to-month,paypal,3,False,,0,No
100911,14,64.04,month-to-month,bank,1,False,3.0,0,No
100912,27,67.13,month-to-month,card,0,False,4.0,0,No
100913,70,109.82,one-year,card,2,False,5.0,0,No
100914,43,61.13,two-year,card,3,True,23.0,0,No
100915,33,15.0,month-to-month,check,3,False,8.0,0,No
100916,39,82.61,month-to-month,paypal,4,True,2.0,0,No
100917,56,52.52,month-to-month,check,2,False,5.0,0,No
100918,19,71.07,month-to-month,paypal,0,False,2.0,0,No
100919,46,67.83,two-year,check,2,False,5.0,1,No
100920,62,63.16,two-year,paypal,3,True,5.0,0,No
100921,41,89.76,two-year,bank,1,True,1.0,0,No
100922,32,31.68,month-to-month,bank,2,False,4.0,0,No
100923,11,57.07,month-to-month,paypal,1,False,11.0,0,No
100924,18,87.1,one-year,check,2,True,20.0,0,No
100925,68,54.65,month-to-month,bank,1,True,4.0,0,No
100926,39,29.78,one-year,paypal,2,True,6.0,0,No
100927,22,86.71,month-to-month,paypal,0,False,17.0,1,Yes
100928,30,98.08,month-to-month,bank,2,False,12.0,0,No
100929,42,68.88,two-year,check,2,False,,0,No
100930,39,20.98,month-to-month,bank,2,False,,0,No
100931,50,87.65,two-year,bank,2,False,1.0,0,No
100932,19,28.5,month-to-month,paypal,1,True,2.0,1,Yes
100933,47,77.72,month-to-month,check,2,True,5.0,0,No
100934,32,47.81,month-to-month,card,2,True,15.0,0,No
100935,67,41.0,month-to-month,check,0,False,17.0,0,No
100936,12,58.95,month-to-month,check,1,False,3.0,1,Yes
100937,11,65.42,month-to-month,check,2,True,2.0,0,No
100938,33,53.89,one-year,bank,4,False,19.0,0,No
100939,37,84.72,two-year,check,1,False,12.0,0,No
100940,50,58.85,month-to-month,paypal,1,False,1.0,0,No
100941,29,94.5,month-to-month,card,1,False,6.0,0,No
100942,65,77.03,month-to-month,check,0,False,9.0,0,No
100943,34,52.56,one-year,paypal,1,True,20.0,0,No
100944,10,48.35,one-year,bank,0,False,1.0,0,No
100945,9,28.81,month-to-month,bank,2,False,20.0,0,No
100946,70,77.27,month-to-month,card,2,False,2.0,0,No
100947,10,61.14,month-to-month,card,2,True,4.0,1,Yes
100948,68,15.0,month-to-month,bank,0,False,15.0,0,No
100949,20,56.61,month-to-month,paypal,2,True,37.0,0,No
100950,7,47.47,two-year,card,0,False,0.0,0,No
100951,22,109.39,month-to-month,card,1,False,,0,No
100952,44,27.43,month-to-month,paypal,6,True,3.0,0,No
100953,31,33.97,month-to-month,paypal,1,False,10.0,0,No
100954,56,97.75,one-year,card,1,False,5.0,0,No
100955,44,103.92,month-to-month,bank,0,False,9.0,0,No
100956,29,51.38,month-to-month,bank,1,False,,0,No
100957,46,54.2,month-to-month,bank,1,False,14.0,0,No
100958,69,85.41,one-year,card,1,True,,0,No
100959,30,15.0,month-to-month,card,2,False,,0,No
100960,11,23.47,two-year,check,0,False,4.0,0,No
100961,30,62.98,month-to-month,card,1,False,,0,No
100962,60,108.75,month-to-month,check,2,False,29.0,1,Yes
100963,16,59.11,two-year,card,2,False,14.0,1,Yes
100964,68,72.52,two-year,card,0,True,6.0,0,No
100965,42,98.34,month-to-month,card,0,False,9.0,0,No
100966,43,122.67,two-year,bank,1,False,18.0,0,No
100967,23,55.58,month-to-month,bank,2,True,,0,No
100968,66,69.58,month-to-month,bank,1,True,4.0,0,No
100969,3,115.55,two-year,bank,1,True,1.0,1,Yes
100970,22,31.95,one-year,paypal,1,False,,0,No
100971,30,95.69,month-to-month,bank,0,True,5.0,1,Yes
100972,34,44.54,one-year,paypal,1,True,1.0,0,No
100973,34,72.56,month-to-month,card,4,True,,1,Yes
100974,11,63.93,month-to-month,bank,0,False,2.0,0,No
100975,17,46.05,two-year,card,5,True,2.0,0,No
100976,7,45.42,month-to-month,bank,0,True,16.0,0,No
100977,41,76.91,one-year,card,2,False,,0,No
100978,25,94.89,one-year,card,1,True,7.0,0,No
100979,41,66.76,one-year,card,3,True,3.0,0,No
100980,42,71.75,month-to-month,card,0,False,12.0,1,Yes
100981,50,84.28,two-year,bank,0,True,8.0,0,No
100982,39,45.71,one-year,check,3,True,8.0,0,No
100983,47,88.49,one-year,card,0,False,2.0,0,No
100984,42,90.48,month-to-month,check,4,True,34.0,0,No
100985,47,135.09,month-to-month,bank,1,False,,1,Yes
100986,44,60.6,month-to-month,bank,2,False,2.0,1,Yes
100987,23,58.55,month-to-month,paypal,1,False,6.0,0,No
100988,18,89.22,month-to-month,bank,0,False,22.0,1,Yes
100989,56,90.48,one-year,bank,2,False,23.0,0,No
100990,25,56.62,two-year,card,1,False,7.0,0,No
100991,39,59.92,month-to-month,card,2,False,36.0,0,No
100992,14,83.53,month-to-month,paypal,3,False,9.0,0,No
100993,31,49.31,one-year,check,0,False,5.0,0,No
100994,38,59.74,month-to-month,bank,5,False,2.0,1,Yes
100995,45,72.24,two-year,bank,2,True,6.0,0,No
100996,38,94.9,month-to-month,check,0,False,29.0,0,No
100997,26,54.89,month-to-month,card,3,False,24.0,0,No
100998,69,23.94,month-to-month,paypal,1,False,23.0,0,No
100999,37,22.09,two-year,paypal,2,False,2.0,0,No
101000,58,38.51,month-to-month,check,3,True,11.0,0,No
101001,53,37.17,one-year,check,3,True,21.0,0,No
101002,40,66.13,month-to-month,card,1,False,25.0,0,No
101003,63,40.28,month-to-month,paypal,2,False,8.0,0,No
101004,10,52.43,two-year,check,2,False,11.0,0,No
101005,66,50.65,month-to-month,paypal,1,True,0.0,0,No
101006,61,58.99,month-to-month,paypal,0,True,19.0,0,No
101007,36,103.06,month-to-month,check,1,True,15.0,1,Yes
101008,53,86.55,two-year,bank,0,True,18.0,0,No
101009,37,70.4,month-to-month,check,0,False,1.0,0,No
101010,20,58.47,month-to-month,check,1,False,36.0,0,No
101011,57,59.17,two-year,bank,1,False,3.0,0,No
101012,18,78.19,one-year,check,2,False,6.0,0,No
101013,23,84.6,two-year,paypal,3,True,9.0,0,No
101014,37,47.31,one-year,card,2,False,12.0,0,No
101015,60,70.91,one-year,check,0,False,10.0,0,No
101016,28,19.21,month-to-month,paypal,0,False,4.0,0,No
101017,36,75.29,month-to-month,bank,2,False,20.0,0,No
101018,3,89.05,one-year,bank,2,True,3.0,0,No
101019,9,63.0,one-year,card,0,True,,0,No
101020,4,115.41,two-year,bank,2,False,,1,Yes
101021,6,47.97,one-year,check,1,False,2.0,0,No
101022,62,75.44,month-to-month,paypal,1,False,35.0,0,No
101023,60,69.1,month-to-month,check,1,True,12.0,1,Yes
101024,59,67.49,one-year,bank,2,False,4.0,0,No
101025,4,67.14,month-to-month,paypal,0,True,4.0,1,Yes
101026,6,72.68,one-year,card,1,False,18.0,0,No
101027,20,91.2,one-year,card,1,True,4.0,0,No
101028,41,104.44,month-to-month,check,4,False,8.0,0,No
101029,24,69.94,one-year,paypal,1,True,21.0,0,No
101030,35,90.38,one-year,card,1,True,7.0,0,No
101031,13,52.46,two-year,card,0,True,7.0,0,No
101032,52,89.15,month-to-month,check,1,False,4.0,0,No
101033,23,50.95,one-year,check,1,False,,0,No
101034,5,97.27,month-to-month,check,3,False,9.0,1,Yes
101035,53,125.27,month-to-month,bank,0,False,39.0,1,Yes
101036,65,66.95,month-to-month,card,0,False,,0,No
101037,2,15.19,two-year,bank,0,False,13.0,0,No
101038,32,56.3,two-year,bank,1,True,1.0,0,No
101039,59,100.8,month-to-month,bank,1,False,12.0,1,Yes
101040,51,83.83,one-year,paypal,1,False,2.0,0,No
101041,61,76.22,month-to-month,card,1,False,10.0,0,No
101042,30,95.22,one-year,bank,0,True,1.0,0,No
101043,27,82.11,month-to-month,card,1,True,,1,Yes
101044,51,100.44,one-year,check,4,True,22.0,1,Yes
101045,11,92.99,month-to-month,paypal,1,False,7.0,1,Yes
101046,17,108.04,one-year,paypal,2,False,8.0,0,No
101047,43,78.97,month-to-month,card,0,False,20.0,0,No
101048,48,92.63,one-year,bank,1,False,,0,No
101049,9,62.32,one-year,check,0,False,11.0,0,No
101050,37,54.96,month-to-month,card,1,True,5.0,0,No
101051,26,112.67,month-to-month,check,3,True,10.0,0,No
101052,36,75.41,two-year,card,0,False,16.0,0,No
101053,69,90.12,one-year,card,0,True,28.0,0,No
101054,6,73.09,month-to-month,card,4,True,13.0,1,Yes
101055,71,55.34,month-to-month,paypal,3,False,1.0,0,No
101056,32,70.27,month-to-month,check,0,True,24.0,1,Yes
101057,55,105.9,one-year,paypal,1,False,,0,No
101058,31,83.88,one-year,check,2,False,18.0,1,Yes
101059,23,27.21,month-to-month,paypal,1,False,8.0,0,No
101060,55,64.62,one-year,bank,1,False,13.0,0,No
101061,49,114.56,one-year,paypal,1,True,1.0,0,No
101062,11,64.66,one-year,card,1,True,7.0,0,No
101063,51,24.99,month-to-month,check,1,False,7.0,0,No
101064,54,117.33,month-to-month,paypal,2,True,,1,Yes
101065,28,87.06,month-to-month,paypal,1,False,6.0,1,Yes
101066,66,68.25,month-to-month,bank,4,True,16.0,1,Yes
101067,46,60.71,month-to-month,card,1,False,14.0,0,No
101068,24,97.06,month-to-month,check,2,False,3.0,0,No
101069,1,56.45,month-to-month,card,3,False,5.0,1,Yes
101070,48,98.71,one-year,paypal,1,False,8.0,0,No
101071,15,83.55,month-to-month,check,1,False,5.0,1,Yes
101072,54,76.12,one-year,check,2,True,47.0,0,No
101073,38,73.64,month-to-month,bank,3,False,3.0,0,No
101074,34,65.63,one-year,card,0,False,,0,No
101075,12,96.14,month-to-month,check,0,False,18.0,1,Yes
101076,51,48.37,one-year,bank,2,False,44.0,0,No
101077,12,29.45,one-year,bank,5,True,6.0,1,Yes
101078,30,85.36,month-to-month,card,0,True,7.0,1,Yes
101079,60,85.78,one-year,bank,3,False,19.0,0,No
101080,66,82.01,month-to-month,paypal,2,True,0.0,0,No
101081,71,80.19,one-year,paypal,1,False,2.0,0,No
101082,69,61.99,month-to-month,bank,2,False,19.0,0,No
101083,40,89.69,month-to-month,card,2,False,3.0,1,Yes
101084,15,68.86,month-to-month,card,2,True,8.0,1,Yes
101085,60,57.82,two-year,card,3,True,40.0,0,No
101086,57,62.2,month-to-month,card,1,False,2.0,1,No
101087,71,120.52,one-year,check,0,False,4.0,0,No
101088,47,26.63,month-to-month,check,3,False,35.0,0,No
101089,11,82.49,month-to-month,paypal,2,True,24.0,1,Yes
101090,36,28.02,month-to-month,bank,3,False,6.0,0,No
101091,32,67.29,two-year,paypal,1,False,6.0,0,No
101092,60,59.16,one-year,card,0,False,2.0,0,No
101093,28,17.87,month-to-month,card,0,False,15.0,0,No
101094,24,79.73,one-year,paypal,1,False,1.0,0,No
101095,6,60.5,month-to-month,paypal,2,False,31.0,1,Yes
101096,60,17.52,month-to-month,check,2,False,5.0,0,No
101097,54,90.99,month-to-month,check,0,False,1.0,0,No
101098,3,105.88,month-to-month,check,3,False,13.0,1,Yes
101099,31,107.25,month-to-month,paypal,3,False,16.0,0,No
101100,35,78.97,one-year,card,3,True,5.0,0,No
101101,34,71.15,month-to-month,card,1,False,11.0,0,No
101102,66,103.2,two-year,card,1,False,8.0,1,Yes
101103,11,112.06,one-year,bank,2,False,20.0,0,No
101104,22,98.34,two-year,card,2,False,7.0,0,No
101105,13,46.46,one-year,check,4,False,30.0,0,No
101106,18,75.03,two-year,card,0,False,16.0,1,Yes
101107,65,80.99,month-to-month,check,1,False,9.0,0,No
101108,67,24.76,month-to-month,check,0,True,,0,No
101109,4,81.73,month-to-month,card,2,False,2.0,1,Yes
101110,45,126.82,two-year,bank,2,False,19.0,0,No
101111,17,86.0,month-to-month,check,0,False,3.0,0,No
101112,14,106.84,one-year,card,1,True,7.0,0,No
101113,21,74.57,one-year,check,2,True,4.0,0,No
101114,14,68.17,month-to-month,paypal,1,False,6.0,0,No
101115,35,79.53,two-year,bank,2,True,0.0,0,No
101116,71,49.6,month-to-month,card,2,True,2.0,0,No
101117,42,45.91,month-to-month,check,2,False,11.0,0,No
101118,52,101.66,one-year,paypal,0,False,14.0,0,No
101119,36,104.31,month-to-month,bank,3,False,23.0,0,No
101120,1,45.22,month-to-month,paypal,2,True,,0,No
101121,6,94.2,month-to-month,paypal,4,False,1.0,1,Yes
101122,20,67.83,month-to-month,bank,2,False,,0,No
101123,18,78.5,one-year,check,0,False,7.0,0,No
101124,60,81.51,two-year,card,3,True,2.0,0,No
101125,60,94.86,month-to-month,check,1,False,6.0,0,No
101126,61,72.07,month-to-month,paypal,0,False,16.0,0,No
101127,46,105.25,month-to-month,paypal,1,True,20.0,0,No
101128,40,77.74,two-year,card,2,False,11.0,0,No
101129,47,85.6,one-year,check,0,False,8.0,0,No
101130,29,49.17,month-to-month,card,1,False,7.0,0,No
101131,48,123.97,month-to-month,bank,0,False,,1,Yes
101132,57,81.75,two-year,paypal,1,True,6.0,0,No
101133,55,87.82,two-year,check,2,False,0.0,0,No
101134,44,29.8,month-to-month,bank,2,False,6.0,0,No
101135,5,49.43,two-year,paypal,0,True,3.0,0,No
101136,52,100.95,month-to-month,paypal,1,True,0.0,1,Yes
101137,27,77.17,month-to-month,card,1,True,3.0,1,Yes
101138,53,22.16,one-year,card,2,False,9.0,0,No
101139,39,95.96,month-to-month,check,2,True,0.0,0,No
101140,63,56.41,month-to-month,paypal,3,True,,1,Yes
101141,25,105.28,two-year,card,0,False,4.0,0,No
101142,67,67.8,two-year,check,1,False,8.0,0,No
101143,60,75.12,month-to-month,paypal,0,False,8.0,0,No
101144,24,99.47,one-year,paypal,1,False,7.0,0,No
101145,35,47.56,one-year,check,2,True,10.0,0,No
101146,38,45.18,one-year,paypal,2,False,0.0,0,No
101147,55,65.09,two-year,paypal,0,False,1.0,0,No
101148,49,90.68,one-year,paypal,3,True,24.0,0,No
101149,61,36.73,month-to-month,check,0,False,3.0,0,No
101150,27,28.3,month-to-month,paypal,1,False,,1,Yes
101151,36,90.59,two-year,card,2,True,1.0,0,No
101152,31,54.93,two-year,card,1,True,5.0,0,No
101153,65,60.19,month-to-month,check,1,True,6.0,0,No
101154,22,23.58,month-to-month,check,3,False,10.0,0,No
101155,42,53.03,one-year,paypal,1,True,20.0,0,No
101156,9,69.81,month-to-month,check,0,False,5.0,1,Yes
101157,61,93.26,month-to-month,card,2,True,2.0,0,No
101158,28,50.72,two-year,paypal,2,False,6.0,0,No
101159,25,111.43,two-year,card,1,False,1.0,0,No
101160,42,52.89,two-year,card,0,True,16.0,0,No
101161,36,52.92,one-year,check,2,True,6.0,0,No
101162,61,108.43,month-to-month,paypal,2,False,1.0,0,No
101163,38,75.29,two-year,check,3,True,3.0,0,No
101164,37,56.2,month-to-month,card,2,True,11.0,0,No
101165,8,66.12,month-to-month,card,0,False,10.0,1,Yes
101166,2,103.83,two-year,paypal,0,False,,0,No
101167,29,106.66,one-year,bank,3,False,,1,Yes
101168,71,49.58,two-year,check,0,False,,0,No
101169,66,68.94,month-to-month,bank,0,False,0.0,0,No
101170,45,72.25,two-year,card,3,False,4.0,0,No
101171,45,45.34,one-year,check,2,True,4.0,0,No
101172,28,68.61,one-year,check,0,False,4.0,0,No
101173,13,70.13,two-year,bank,5,False,3.0,0,No
101174,1,98.51,month-to-month,check,2,False,,1,Yes
101175,25,100.19,one-year,bank,2,False,18.0,0,No
101176,23,61.77,one-year,check,2,False,9.0,0,No
101177,14,64.65,one-year,paypal,2,False,6.0,0,No
101178,19,86.61,two-year,check,2,False,13.0,0,No
101179,2,55.37,one-year,bank,3,True,3.0,0,No
101180,44,84.72,month-to-month,card,0,True,4.0,0,No
101181,66,67.8,month-to-month,check,1,False,6.0,1,Yes
101182,50,45.77,two-year,check,2,True,,0,No
101183,32,46.08,two-year,bank,3,False,1.0,0,No
101184,30,106.18,two-year,paypal,1,False,,0,No
101185,22,66.09,month-to-month,bank,3,False,7.0,1,Yes
101186,11,111.01,month-to-month,bank,3,False,,1,Yes
101187,43,57.16,one-year,check,1,True,10.0,0,No
101188,41,77.28,one-year,card,2,True,1.0,0,No
101189,1,129.82,month-to-month,check,3,False,4.0,1,Yes
101190,30,43.57,one-year,paypal,1,True,13.0,0,No
101191,20,22.55,month-to-month,paypal,2,False,10.0,0,No
101192,13,102.16,month-to-month,bank,2,True,11.0,1,Yes
101193,50,49.33,month-to-month,bank,0,True,16.0,0,No
101194,38,69.48,month-to-month,bank,2,False,,0,No
101195,45,55.35,month-to-month,card,1,False,18.0,0,No
101196,51,76.7,two-year,check,3,False,11.0,0,No
101197,70,46.24,one-year,bank,1,True,2.0,0,No
101198,57,65.5,two-year,card,2,False,2.0,0,No
101199,45,81.25,month-to-month,check,2,False,12.0,0,No
101200,63,44.79,month-to-month,check,1,False,23.0,0,No
101201,34,52.5,month-to-month,card,5,True,,0,No
101202,70,61.32,one-year,bank,0,True,8.0,0,No
101203,55,34.28,month-to-month,paypal,4,False,18.0,0,No
101204,47,59.44,one-year,check,0,False,12.0,0,No
101205,65,72.97,two-year,paypal,1,True,,0,No
101206,37,60.01,two-year,bank,1,True,2.0,0,No
101207,52,63.22,month-to-month,bank,1,False,1.0,1,Yes
101208,21,69.5,month-to-month,bank,3,False,,0,No
101209,69,53.61,month-to-month,bank,3,False,4.0,0,No
101210,45,87.28,month-to-month,card,1,False,2.0,0,No
101211,56,105.9,one-year,card,2,False,1.0,0,No
101212,33,58.39,month-to-month,paypal,2,False,1.0,0,No
101213,62,82.13,one-year,check,1,False,9.0,0,No
101214,6,64.01,month-to-month,check,3,True,34.0,1,Yes
101215,9,79.14,two-year,check,5,False,5.0,1,Yes
101216,37,109.14,two-year,bank,2,False,,0,No
101217,53,82.72,month-to-month,paypal,1,False,19.0,1,Yes
101218,58,25.66,two-year,bank,2,True,5.0,0,No
101219,32,81.35,month-to-month,check,1,False,6.0,0,No
101220,47,100.82,one-year,check,3,False,6.0,0,No
101221,40,64.46,two-year,card,0,True,25.0,0,No
101222,69,94.89,two-year,card,3,False,,0,No
101223,47,52.75,two-year,card,1,True,1.0,0,No
101224,30,32.86,month-to-month,bank,0,True,3.0,0,No
101225,69,73.53,two-year,card,0,True,10.0,0,No
101226,8,26.09,one-year,card,0,False,,0,No
101227,70,64.01,month-to-month,paypal,0,True,16.0,0,No
101228,11,102.17,month-to-month,bank,2,False,9.0,1,Yes
101229,21,22.26,one-year,paypal,3,False,0.0,0,No
101230,59,38.01,one-year,bank,0,False,31.0,0,No
101231,53,44.2,month-to-month,paypal,1,False,42.0,0,No
101232,69,68.42,two-year,paypal,4,False,,0,No
101233,54,60.86,one-year,paypal,5,False,4.0,0,No
101234,46,104.98,month-to-month,bank,0,True,1.0,0,No
101235,25,93.86,month-to-month,card,1,True,1.0,1,Yes
101236,1,82.38,one-year,bank,0,False,1.0,1,Yes
101237,9,73.64,one-year,check,3,False,26.0,0,No
101238,22,79.83,one-year,check,2,False,31.0,1,Yes
101239,3,48.45,month-to-month,check,1,False,2.0,1,Yes
101240,37,91.43,one-year,paypal,3,False,,0,No
101241,56,42.2,one-year,card,3,True,11.0,0,No
101242,69,90.88,two-year,bank,0,True,7.0,0,No
101243,35,99.65,month-to-month,bank,1,True,,1,Yes
101244,63,75.27,one-year,card,2,False,8.0,0,No
101245,70,65.59,month-to-month,check,1,False,4.0,0,No
101246,62,80.01,month-to-month,card,1,False,29.0,0,No
101247,34,15.0,one-year,paypal,0,False,,0,No
101248,24,77.56,one-year,card,6,False,1.0,1,Yes
101249,70,67.17,month-to-month,card,0,True,3.0,0,No
101250,18,68.73,one-year,card,2,True,8.0,0,No
101251,30,87.66,month-to-month,paypal,1,True,39.0,0,No
101252,6,68.13,month-to-month,paypal,2,True,11.0,0,No
101253,57,41.49,month-to-month,paypal,2,True,,0,No
101254,47,66.46,month-to-month,paypal,3,False,15.0,0,No
101255,7,71.69,one-year,paypal,2,True,3.0,0,No
101256,16,72.87,two-year,bank,1,True,6.0,0,No
101257,40,74.05,one-year,card,1,True,20.0,0,No
101258,39,95.98,month-to-month,bank,3,True,0.0,1,Yes
101259,57,42.85,month-to-month,card,2,True,16.0,0,No
101260,19,74.39,month-to-month,card,1,True,,0,No
101261,66,102.25,one-year,check,2,True,9.0,0,No
101262,32,26.63,month-to-month,card,1,False,13.0,1,No
101263,59,74.49,month-to-month,bank,2,True,4.0,0,No
101264,17,55.37,one-year,bank,1,True,1.0,0,No
101265,3,60.73,one-year,card,1,False,0.0,0,No
101266,4,47.38,month-to-month,check,2,True,23.0,0,No
101267,27,65.76,month-to-month,paypal,2,False,13.0,0,No
101268,68,116.03,one-year,check,1,False,4.0,0,No
101269,4,38.39,month-to-month,card,2,False,6.0,1,Yes
101270,27,40.76,month-to-month,paypal,1,False,18.0,0,No
101271,8,37.45,two-year,bank,0,False,3.0,0,No
101272,67,113.19,month-to-month,bank,0,True,5.0,0,No
101273,48,58.44,month-to-month,paypal,4,False,12.0,0,No
101274,55,69.36,month-to-month,paypal,1,True,4.0,0,No
101275,51,59.93,month-to-month,bank,3,False,5.0,0,No
101276,47,46.39,month-to-month,bank,1,True,28.0,0,No
101277,55,64.12,month-to-month,paypal,0,False,4.0,0,No
101278,1,131.46,one-year,card,2,True,6.0,1,Yes
101279,62,104.8,month-to-month,bank,1,False,9.0,0,No
101280,53,48.68,two-year,check,2,True,1.0,0,No
101281,53,86.19,two-year,bank,1,True,14.0,0,No
101282,28,49.21,month-to-month,bank,0,False,1.0,0,No
101283,57,25.59,month-to-month,card,0,False,10.0,0,No
101284,28,95.49,one-year,bank,2,True,1.0,0,No
101285,4,99.0,two-year,bank,2,True,30.0,0,No
101286,65,96.15,two-year,paypal,0,False,37.0,0,No
101287,17,58.25,month-to-month,bank,1,False,19.0,1,Yes
101288,8,65.83,month-to-month,card,3,False,3.0,1,Yes
101289,45,88.74,month-to-month,paypal,2,False,13.0,0,No
101290,17,79.79,two-year,bank,1,False,15.0,0,No
101291,61,60.16,one-year,paypal,1,False,7.0,0,No
101292,32,29.52,month-to-month,card,2,True,6.0,0,No
101293,1,72.85,one-year,card,3,False,,0,No
101294,68,96.98,month-to-month,paypal,1,False,17.0,0,No
101295,37,40.06,one-year,card,2,True,7.0,0,No
101296,19,85.97,month-to-month,card,2,False,11.0,1,Yes
101297,49,78.29,one-year,check,2,True,2.0,0,No
101298,38,88.75,one-year,bank,2,True,1.0,0,No
101299,3,91.8,one-year,bank,3,False,0.0,0,Yes
101300,54,52.64,month-to-month,bank,2,False,18.0,0,No
101301,29,29.58,two-year,bank,1,True,21.0,0,No
101302,50,56.66,one-year,bank,0,False,14.0,0,No
101303,64,92.23,month-to-month,bank,0,True,15.0,0,No
101304,44,56.45,month-to-month,card,3,False,16.0,0,No
101305,48,52.65,one-year,card,1,False,13.0,0,No
101306,19,24.47,month-to-month,card,2,False,10.0,0,No
101307,17,113.82,month-to-month,check,1,True,17.0,1,Yes
101308,30,90.64,month-to-month,check,1,True,10.0,0,No
101309,61,89.25,month-to-month,card,4,False,11.0,1,No
101310,38,94.19,month-to-month,bank,2,True,0.0,0,No
101311,25,84.42,one-year,check,0,True,2.0,0,No
101312,56,63.89,month-to-month,card,1,False,1.0,0,No
101313,61,65.91,one-year,bank,4,False,13.0,0,No
101314,65,59.31,month-to-month,paypal,1,True,20.0,0,No
101315,22,135.87,month-to-month,bank,0,False,0.0,1,Yes
101316,51,83.9,month-to-month,card,0,True,0.0,0,No
101317,42,58.4,one-year,check,1,False,30.0,0,No
101318,32,81.64,two-year,bank,1,False,25.0,0,No
101319,29,44.73,month-to-month,card,0,False,3.0,0,No
101320,9,107.61,month-to-month,card,1,False,4.0,1,Yes
101321,20,53.47,month-to-month,paypal,4,False,7.0,1,Yes
101322,40,82.53,month-to-month,paypal,4,True,9.0,1,Yes
101323,63,96.65,two-year,check,1,False,30.0,0,No
101324,62,79.62,month-to-month,card,3,False,2.0,0,No
101325,14,72.36,two-year,paypal,1,False,4.0,0,No
101326,49,70.27,one-year,bank,3,False,16.0,0,No
101327,7,68.59,month-to-month,bank,1,False,19.0,1,Yes
101328,48,55.58,two-year,paypal,2,False,1.0,0,No
101329,25,58.76,month-to-month,bank,0,True,7.0,0,No
101330,32,106.99,one-year,card,2,False,6.0,0,No
101331,51,67.29,month-to-month,card,4,False,6.0,0,No
101332,31,50.36,two-year,paypal,5,True,7.0,0,No
101333,58,57.09,month-to-month,check,2,False,1.0,0,No
101334,38,97.51,month-to-month,check,5,False,4.0,0,No
101335,71,86.89,two-year,check,1,False,,0,No
101336,46,84.01,month-to-month,card,0,False,6.0,0,No
101337,22,63.56,month-to-month,bank,3,False,8.0,1,Yes
101338,56,84.33,one-year,paypal,3,False,14.0,0,No
101339,29,53.91,month-to-month,card,3,False,8.0,0,No
101340,38,63.51,two-year,paypal,1,False,19.0,0,No
101341,10,94.25,one-year,bank,1,True,,1,Yes
101342,9,91.86,one-year,bank,2,True,2.0,1,Yes
101343,41,45.45,month-to-month,card,1,False,,0,No
101344,14,48.61,month-to-month,check,0,False,8.0,0,No
101345,71,72.72,two-year,bank,1,False,2.0,0,No
101346,61,113.15,month-to-month,bank,0,True,20.0,0,No
101347,50,22.11,month-to-month,check,3,True,33.0,0,No
101348,53,76.96,month-to-month,check,2,False,3.0,0,No
101349,43,35.6,month-to-month,paypal,3,True,35.0,0,No
101350,5,54.14,one-year,check,3,False,8.0,0,No
101351,28,60.89,one-year,card,3,True,3.0,0,No
101352,36,59.49,one-year,check,2,False,2.0,0,No
101353,65,56.66,two-year,card,4,False,7.0,0,No
101354,16,70.18,month-to-month,paypal,3,True,5.0,0,No
101355,36,56.62,month-to-month,bank,0,False,38.0,0,No
101356,25,33.44,month-to-month,check,4,True,9.0,1,Yes
101357,10,89.5,one-year,card,1,False,7.0,0,No
101358,8,88.82,month-to-month,bank,0,False,4.0,0,No
101359,26,91.08,one-year,check,3,False,20.0,0,No
101360,6,31.48,month-to-month,check,2,False,25.0,0,No
101361,5,77.47,two-year,card,3,True,12.0,0,No
101362,25,86.9,two-year,card,3,True,19.0,0,No
101363,15,44.22,two-year,paypal,1,False,6.0,0,No
101364,40,70.23,month-to-month,check,3,False,11.0,0,No
101365,2,67.09,two-year,paypal,1,False,15.0,0,No
101366,22,116.05,month-to-month,card,0,True,5.0,0,No
101367,33,118.11,month-to-month,bank,2,False,44.0,1,Yes
101368,69,28.39,month-to-month,check,2,False,7.0,0,No
101369,46,132.35,month-to-month,paypal,2,True,3.0,0,No
101370,63,47.12,one-year,check,2,False,8.0,0,No
101371,25,94.52,month-to-month,check,1,False,10.0,0,No
101372,32,94.26,month-to-month,bank,2,False,25.0,1,Yes
101373,30,45.11,one-year,paypal,1,False,8.0,0,No
101374,64,82.33,two-year,bank,1,False,2.0,0,No
101375,69,67.31,one-year,bank,3,False,2.0,0,No
101376,69,83.86,one-year,check,0,False,13.0,0,No
101377,54,75.77,month-to-month,paypal,1,True,4.0,0,No
101378,36,99.91,two-year,paypal,3,False,5.0,0,No
101379,39,71.88,month-to-month,card,1,False,9.0,0,No
101380,70,65.8,month-to-month,paypal,4,True,4.0,0,No
101381,21,97.4,month-to-month,bank,1,False,1.0,1,Yes
101382,25,84.51,one-year,card,2,True,0.0,0,No
101383,64,88.3,month-to-month,paypal,1,True,1.0,0,No
101384,28,53.39,one-year,paypal,1,False,12.0,0,No
101385,17,43.87,month-to-month,bank,2,True,16.0,0,No
101386,40,55.81,month-to-month,card,3,False,11.0,0,No
101387,24,54.48,month-to-month,card,2,True,5.0,1,Yes
101388,64,89.65,month-to-month,check,1,False,2.0,0,No
101389,65,94.4,month-to-month,card,1,False,5.0,0,No
101390,22,66.12,one-year,card,2,False,6.0,0,No
101391,38,105.77,month-to-month,card,0,False,4.0,0,No
101392,70,104.21,month-to-month,paypal,1,True,21.0,0,No
101393,53,76.08,one-year,bank,4,True,13.0,0,No
101394,16,49.45,month-to-month,bank,2,False,6.0,1,Yes
101395,42,109.38,month-to-month,bank,0,False,0.0,1,Yes
101396,45,68.47,month-to-month,card,0,False,6.0,0,No
101397,47,73.15,month-to-month,check,1,False,23.0,0,No
101398,2,61.51,month-to-month,paypal,1,True,12.0,0,No
101399,22,47.76,one-year,paypal,6,True,7.0,0,No
101400,61,33.28,month-to-month,bank,1,False,22.0,0,No
101401,18,85.82,one-year,card,1,False,8.0,0,No
101402,22,50.41,month-to-month,paypal,0,False,4.0,1,Yes
101403,23,146.49,one-year,paypal,1,False,1.0,1,Yes
101404,13,42.85,one-year,paypal,0,False,0.0,0,No
101405,12,38.57,month-to-month,check,0,False,4.0,0,No
101406,25,82.75,month-to-month,bank,1,True,3.0,0,No
101407,63,108.23,month-to-month,paypal,0,False,1.0,1,Yes
101408,1,71.61,two-year,check,1,True,8.0,0,No
101409,21,84.31,two-year,paypal,0,False,22.0,0,No
101410,5,23.91,month-to-month,bank,0,False,14.0,0,No
101411,40,53.06,one-year,paypal,2,True,1.0,0,No
101412,18,43.16,month-to-month,card,1,True,0.0,0,No
101413,57,22.62,month-to-month,card,1,False,9.0,0,No
101414,42,72.92,one-year,check,3,False,13.0,0,No
101415,56,15.0,month-to-month,check,3,True,15.0,0,No
101416,46,36.95,month-to-month,check,4,False,6.0,1,Yes
101417,32,56.57,two-year,paypal,3,False,2.0,0,No
101418,62,49.22,month-to-month,paypal,1,False,11.0,0,No
101419,34,79.91,one-year,check,2,False,9.0,0,No
101420,68,77.64,month-to-month,card,2,False,21.0,1,Yes
101421,71,92.34,month-to-month,card,0,False,5.0,0,No
101422,42,88.81,month-to-month,card,1,False,3.0,1,Yes
101423,48,98.52,two-year,check,0,False,1.0,0,No
101424,19,69.95,month-to-month,check,3,False,3.0,1,Yes
101425,58,77.59,month-to-month,paypal,0,True,14.0,0,No
101426,48,82.79,one-year,card,0,False,6.0,0,No
101427,65,73.54,two-year,bank,0,False,7.0,0,No
101428,19,60.07,two-year,bank,0,True,9.0,0,No
101429,56,61.69,one-year,check,1,False,,0,No
101430,34,49.56,month-to-month,card,1,False,8.0,0,No
101431,14,80.54,one-year,paypal,0,True,9.0,0,No
101432,13,67.65,two-year,card,0,False,35.0,0,No
101433,40,53.42,two-year,check,3,False,11.0,0,No
101434,23,53.44,two-year,paypal,2,False,7.0,0,No
101435,8,39.74,month-to-month,card,0,False,7.0,0,No
101436,31,94.47,month-to-month,check,0,True,2.0,0,No
101437,47,71.97,one-year,check,0,False,10.0,0,No
101438,23,48.43,month-to-month,paypal,2,False,,0,No
101439,68,90.21,month-to-month,check,2,False,4.0,0,No
101440,56,55.99,month-to-month,paypal,0,False,,0,No
101441,37,34.84,one-year,bank,1,True,9.0,0,No
101442,67,95.53,two-year,card,1,True,3.0,0,No
101443,31,56.57,one-year,check,3,False,12.0,0,No
101444,10,59.78,two-year,paypal,1,True,14.0,0,No
101445,3,71.03,one-year,bank,3,False,2.0,0,No
101446,67,98.56,one-year,paypal,2,False,3.0,0,No
101447,69,70.5,month-to-month,paypal,1,True,11.0,0,No
101448,53,40.02,one-year,check,3,True,4.0,0,No
101449,8,83.6,month-to-month,paypal,1,False,,1,Yes
101450,21,57.88,month-to-month,check,1,True,,0,No
101451,3,117.2,month-to-month,paypal,2,False,3.0,1,Yes
101452,4,69.97,two-year,bank,0,True,25.0,1,Yes
101453,18,15.0,one-year,check,1,False,,0,No
101454,41,78.93,two-year,card,1,False,7.0,0,No
101455,5,118.61,two-year,card,1,False,3.0,1,Yes
101456,70,109.4,two-year,check,3,False,28.0,0,No
101457,33,115.77,month-to-month,check,0,True,5.0,0,No
101458,19,44.51,two-year,card,0,False,2.0,0,No
101459,37,92.8,two-year,card,2,True,1.0,0,No
101460,57,51.95,two-year,card,0,True,15.0,0,No
101461,23,75.61,month-to-month,check,1,True,,0,No
101462,4,38.18,month-to-month,bank,1,False,2.0,1,Yes
101463,4,53.89,two-year,card,0,False,20.0,0,No
101464,61,53.09,month-to-month,paypal,1,True,5.0,0,No
101465,8,92.46,month-to-month,check,0,False,5.0,0,No
101466,46,90.02,month-to-month,card,1,False,11.0,1,Yes
101467,28,76.92,month-to-month,check,0,True,,0,No
101468,56,36.24,month-to-month,paypal,2,True,7.0,0,No
101469,5,62.21,two-year,bank,3,True,12.0,1,Yes
101470,64,51.35,two-year,paypal,1,True,25.0,0,No
101471,50,91.74,two-year,bank,2,False,19.0,0,No
101472,32,99.45,month-to-month,card,3,False,12.0,1,Yes
101473,15,96.41,month-to-month,card,3,False,10.0,1,Yes
101474,70,51.12,month-to-month,card,5,False,16.0,0,No
101475,22,15.0,month-to-month,bank,1,True,4.0,1,Yes
101476,35,25.83,month-to-month,bank,1,False,,0,No
101477,28,105.54,one-year,bank,2,False,19.0,0,No
101478,17,59.97,two-year,bank,0,True,2.0,1,Yes
101479,30,51.23,month-to-month,paypal,0,False,5.0,0,No
101480,11,111.07,month-to-month,card,1,True,7.0,0,No
101481,1,101.63,month-to-month,paypal,1,False,2.0,1,Yes
101482,21,70.61,month-to-month,card,1,False,8.0,0,No
101483,8,62.66,month-to-month,paypal,2,False,0.0,0,No
101484,30,66.7,month-to-month,card,2,False,47.0,0,No
101485,62,75.68,month-to-month,card,4,False,7.0,0,No
101486,12,110.0,month-to-month,card,1,False,2.0,1,Yes
101487,1,80.56,two-year,bank,0,False,8.0,0,No
101488,8,88.15,month-to-month,paypal,1,True,13.0,1,Yes
101489,37,99.23,month-to-month,bank,1,False,29.0,1,Yes
101490,20,40.76,month-to-month,card,1,False,4.0,1,Yes
101491,35,88.87,month-to-month,check,1,False,8.0,0,No
101492,3,62.64,one-year,check,3,False,1.0,0,No
101493,24,15.0,two-year,check,2,True,3.0,0,No
101494,30,16.8,two-year,check,1,False,3.0,0,No
101495,31,44.55,one-year,paypal,0,True,0.0,0,No
101496,40,83.28,month-to-month,card,1,True,8.0,1,Yes
101497,56,72.84,month-to-month,bank,2,False,2.0,0,No
101498,34,74.61,month-to-month,check,0,True,6.0,1,Yes
101499,60,118.77,month-to-month,check,3,False,20.0,0,No
101500,38,38.27,two-year,paypal,2,False,4.0,0,No
101501,19,69.31,month-to-month,paypal,3,False,0.0,1,Yes
101502,17,77.61,month-to-month,paypal,1,True,,0,No
101503,23,51.59,month-to-month,card,1,True,15.0,0,No
101504,43,70.71,month-to-month,check,0,False,,0,No
101505,18,30.0,two-year,paypal,2,True,1.0,0,No
101506,65,105.25,month-to-month,bank,1,False,22.0,0,No
101507,35,52.96,month-to-month,check,0,False,,0,No
101508,62,120.79,month-to-month,card,2,True,13.0,0,No
101509,49,69.19,two-year,card,1,False,,0,No
101510,24,95.7,month-to-month,card,1,True,10.0,0,No
101511,17,68.67,one-year,paypal,1,True,1.0,0,No
101512,53,69.23,month-to-month,paypal,2,False,31.0,0,No
101513,24,55.4,month-to-month,paypal,4,True,21.0,0,No
101514,18,72.98,two-year,bank,3,True,,0,No
101515,67,77.95,month-to-month,paypal,0,False,3.0,0,No
101516,35,50.39,month-to-month,card,2,False,58.0,0,No
101517,4,66.87,one-year,card,1,False,8.0,1,Yes
101518,36,54.75,month-to-month,bank,0,False,11.0,0,No
101519,33,127.49,month-to-month,card,0,False,37.0,1,Yes
101520,62,67.76,two-year,check,0,False,2.0,0,No
101521,51,108.63,month-to-month,check,5,False,7.0,1,Yes
101522,14,65.11,month-to-month,card,3,True,12.0,1,Yes
101523,11,76.48,month-to-month,card,1,False,5.0,1,Yes
101524,43,36.97,one-year,bank,0,False,,0,No
101525,4,58.82,month-to-month,card,2,True,18.0,1,Yes
101526,23,75.26,month-to-month,paypal,0,False,,1,Yes
101527,10,109.65,one-year,bank,1,False,2.0,0,No
101528,2,75.55,one-year,bank,0,False,7.0,0,No
101529,66,104.59,two-year,card,3,True,,0,No
101530,7,86.02,month-to-month,check,1,False,3.0,0,No
101531,1,110.69,month-to-month,check,2,True,5.0,1,Yes
101532,67,68.52,month-to-month,paypal,1,False,13.0,0,No
101533,14,129.76,one-year,check,0,False,3.0,0,No
101534,58,57.87,month-to-month,bank,1,False,22.0,0,No
101535,3,50.84,one-year,card,1,False,13.0,0,No
101536,11,39.75,month-to-month,bank,4,False,8.0,0,No
101537,8,128.28,two-year,check,0,False,7.0,0,No
101538,51,90.49,two-year,card,1,True,5.0,0,No
101539,45,61.65,month-to-month,card,0,True,5.0,0,No
101540,34,101.23,two-year,card,0,True,17.0,0,No
101541,18,87.19,two-year,card,1,False,0.0,0,No
101542,7,119.15,month-to-month,card,1,True,11.0,0,No
101543,41,31.3,month-to-month,bank,1,False,29.0,0,No
101544,17,63.37,one-year,check,3,False,,0,No
101545,42,58.44,month-to-month,bank,3,False,8.0,0,No
101546,49,20.66,month-to-month,card,0,True,2.0,0,No
101547,61,96.51,month-to-month,bank,0,False,3.0,1,Yes
101548,36,63.24,two-year,card,0,True,7.0,0,No
101549,1,88.49,month-to-month,check,0,True,3.0,1,Yes
101550,20,128.99,one-year,card,0,False,1.0,1,Yes
101551,61,61.17,month-to-month,bank,5,False,1.0,0,No
101552,38,59.47,month-to-month,paypal,1,True,7.0,0,No
101553,44,72.97,two-year,check,3,True,20.0,0,No
101554,33,94.68,month-to-month,paypal,1,True,8.0,0,No
101555,12,55.83,month-to-month,bank,0,False,,1,Yes
101556,64,54.23,month-to-month,paypal,0,True,0.0,0,No
101557,55,96.43,one-year,check,0,True,5.0,0,No
101558,71,79.47,month-to-month,check,2,False,4.0,0,No
101559,61,18.88,month-to-month,check,2,True,12.0,0,No
101560,21,39.37,month-to-month,check,2,False,1.0,0,No
101561,19,107.53,month-to-month,card,2,False,12.0,1,Yes
101562,18,80.05,month-to-month,bank,1,False,2.0,0,No
101563,66,50.95,month-to-month,check,2,False,1.0,0,No
101564,40,65.74,month-to-month,bank,2,False,6.0,0,No
101565,33,70.33,month-to-month,paypal,1,True,7.0,1,Yes
101566,69,88.39,one-year,check,2,False,12.0,0,No
101567,43,36.04,one-year,card,2,True,0.0,0,No
101568,65,48.98,month-to-month,check,1,False,11.0,0,No
101569,70,76.82,month-to-month,check,2,True,6.0,0,No
101570,6,67.5,month-to-month,bank,3,False,39.0,1,Yes
101571,26,84.3,two-year,paypal,0,True,15.0,0,No
101572,53,39.26,month-to-month,bank,0,False,19.0,0,No
101573,58,78.93,month-to-month,card,1,False,32.0,0,No
101574,11,97.29,month-to-month,card,1,True,14.0,1,Yes
101575,23,82.17,month-to-month,paypal,0,False,3.0,1,Yes
101576,39,73.48,month-to-month,bank,3,True,22.0,0,No
101577,57,67.6,month-to-month,bank,2,False,,0,No
101578,9,49.13,one-year,bank,2,True,8.0,0,No
101579,43,68.2,one-year,check,1,False,1.0,0,No
101580,22,101.49,one-year,check,0,False,3.0,0,No
101581,16,67.02,one-year,paypal,2,False,2.0,0,No
101582,37,47.75,month-to-month,paypal,2,False,4.0,0,No
101583,30,57.69,two-year,paypal,4,False,11.0,0,No
101584,46,75.02,one-year,bank,1,False,2.0,0,No
101585,23,60.66,two-year,check,0,True,0.0,0,No
101586,59,82.13,one-year,bank,1,False,26.0,0,No
101587,6,83.07,month-to-month,check,2,True,1.0,0,No
101588,62,92.22,month-to-month,check,4,False,4.0,0,No
101589,3,105.59,month-to-month,bank,0,True,2.0,1,Yes
101590,53,94.9,month-to-month,paypal,1,False,8.0,1,Yes
101591,25,46.64,month-to-month,bank,2,False,,0,No
101592,28,47.41,month-to-month,paypal,2,False,6.0,0,No
101593,2,68.11,month-to-month,paypal,3,True,1.0,1,Yes
101594,50,58.72,two-year,card,0,True,8.0,0,No
101595,12,41.54,one-year,bank,0,False,2.0,0,No
101596,47,58.96,one-year,bank,1,False,,0,No
101597,52,58.14,month-to-month,paypal,3,False,,0,No
101598,61,53.2,one-year,check,1,False,5.0,0,No
101599,51,62.11,two-year,card,1,True,7.0,0,No
101600,22,99.46,one-year,paypal,1,False,18.0,0,No
101601,53,74.98,one-year,card,2,False,4.0,0,No
101602,59,131.8,month-to-month,bank,0,True,9.0,0,No
101603,23,74.26,month-to-month,card,2,False,7.0,1,Yes
101604,9,62.75,one-year,card,0,True,11.0,0,No
101605,64,70.1,two-year,check,0,True,2.0,0,No
101606,11,76.41,month-to-month,card,1,True,7.0,1,Yes
101607,43,80.88,month-to-month,card,2,False,1.0,1,Yes
101608,17,121.92,month-to-month,paypal,1,False,,1,Yes
101609,9,48.87,month-to-month,bank,1,True,2.0,0,No
101610,56,91.48,two-year,check,2,False,2.0,0,No
101611,11,75.19,one-year,paypal,2,False,,0,No
101612,48,30.72,month-to-month,card,0,False,8.0,0,No
101613,50,89.27,month-to-month,paypal,2,True,,1,Yes
101614,5,101.69,month-to-month,card,2,True,12.0,1,Yes
101615,13,48.57,month-to-month,paypal,0,True,2.0,0,No
101616,57,69.78,month-to-month,bank,2,False,9.0,0,No
101617,37,26.87,two-year,card,4,False,13.0,0,No
101618,9,38.53,one-year,card,2,True,12.0,0,No
101619,71,96.2,month-to-month,bank,0,False,6.0,0,No
101620,19,58.34,one-year,check,1,True,14.0,0,No
101621,1,42.28,one-year,check,2,True,,0,No
101622,66,75.74,month-to-month,check,2,True,1.0,0,No
101623,2,56.94,one-year,card,0,True,,0,No
101624,40,58.23,one-year,paypal,1,True,5.0,0,No
101625,71,88.48,two-year,bank,1,True,0.0,0,No
101626,42,40.96,month-to-month,card,3,False,6.0,0,No
101627,42,47.37,month-to-month,paypal,2,False,1.0,0,No
101628,28,73.85,month-to-month,paypal,3,False,17.0,0,No
101629,10,94.24,month-to-month,card,2,True,0.0,1,Yes
101630,41,100.95,month-to-month,bank,1,False,5.0,0,No
101631,64,53.37,one-year,paypal,0,False,10.0,0,No
101632,7,93.43,month-to-month,check,2,False,19.0,0,No
101633,63,50.4,month-to-month,card,1,True,4.0,0,No
101634,30,115.66,two-year,check,5,False,,0,No
101635,39,41.66,month-to-month,card,1,True,3.0,0,No
101636,12,103.21,month-to-month,bank,1,True,11.0,1,Yes
101637,45,53.59,one-year,card,1,False,3.0,0,No
101638,13,120.33,month-to-month,check,1,False,10.0,1,Yes
101639,20,84.78,month-to-month,paypal,4,False,10.0,1,Yes
101640,52,44.6,one-year,card,2,False,23.0,0,No
101641,4,56.94,month-to-month,check,1,True,7.0,0,No
101642,32,89.53,month-to-month,card,1,False,3.0,0,No
101643,43,96.32,month-to-month,paypal,0,True,3.0,1,Yes
101644,10,68.23,two-year,card,2,False,36.0,0,No
101645,21,71.12,month-to-month,bank,0,False,3.0,0,No
101646,25,88.96,one-year,card,0,False,10.0,0,No
101647,48,73.29,month-to-month,paypal,3,False,14.0,0,No
101648,70,37.66,one-year,card,3,True,22.0,0,No
101649,60,49.68,month-to-month,check,2,True,6.0,0,No
101650,14,75.88,month-to-month,card,0,False,40.0,0,No
101651,2,100.39,month-to-month,check,0,True,3.0,1,Yes
101652,4,110.4,one-year,paypal,2,True,,0,No
101653,43,89.49,month-to-month,paypal,0,False,14.0,0,No
101654,12,77.18,month-to-month,card,3,True,26.0,0,No
101655,17,88.72,month-to-month,paypal,4,True,2.0,1,Yes
101656,61,53.33,month-to-month,bank,2,True,18.0,1,Yes
101657,63,66.17,one-year,check,2,False,4.0,0,No
101658,60,49.4,month-to-month,paypal,2,False,6.0,0,No
101659,19,38.78,month-to-month,card,2,False,9.0,1,Yes
101660,44,78.34,month-to-month,bank,0,True,30.0,0,No
101661,44,74.64,month-to-month,paypal,3,False,29.0,0,No
101662,14,87.19,month-to-month,card,2,True,10.0,1,Yes
101663,40,83.65,month-to-month,bank,2,True,11.0,0,No
101664,38,76.07,month-to-month,check,0,False,56.0,0,No
101665,29,83.92,two-year,paypal,0,False,13.0,0,No
101666,54,68.93,month-to-month,bank,1,True,12.0,0,No
101667,49,80.32,two-year,bank,2,True,7.0,0,No
101668,38,51.85,month-to-month,paypal,0,False,3.0,0,No
101669,52,79.24,month-to-month,card,1,True,3.0,0,No
101670,55,86.71,month-to-month,bank,1,True,10.0,0,No
101671,41,53.26,month-to-month,bank,1,False,6.0,0,No
101672,20,71.3,one-year,bank,0,False,11.0,1,Yes
101673,54,54.41,two-year,check,1,False,18.0,0,No
101674,51,56.84,one-year,card,1,False,2.0,0,No
101675,70,41.88,one-year,bank,2,False,2.0,1,Yes
101676,11,101.64,month-to-month,paypal,1,True,24.0,1,Yes
101677,30,96.64,month-to-month,paypal,1,False,5.0,0,No
101678,66,83.44,one-year,paypal,1,True,18.0,0,No
101679,37,119.3,month-to-month,check,3,False,8.0,1,Yes
101680,67,65.27,month-to-month,check,3,False,10.0,1,Yes
101681,1,145.79,two-year,card,0,True,13.0,0,No
101682,3,64.31,two-year,card,1,False,8.0,0,No
101683,57,76.38,one-year,check,2,False,3.0,0,No
101684,26,60.06,month-to-month,bank,3,False,,0,No
101685,37,79.31,two-year,paypal,0,True,41.0,0,No
101686,31,90.89,month-to-month,card,5,True,10.0,1,Yes
101687,29,67.15,month-to-month,paypal,2,False,1.0,0,No
101688,67,114.42,month-to-month,card,0,False,3.0,0,No
101689,7,75.98,two-year,bank,2,False,19.0,0,No
101690,55,76.76,two-year,bank,3,True,16.0,0,No
101691,64,47.28,one-year,paypal,1,False,2.0,0,No
101692,47,80.46,month-to-month,check,1,True,13.0,0,No
101693,29,66.65,month-to-month,card,0,True,3.0,0,No
101694,12,54.79,month-to-month,paypal,0,False,,0,No
101695,49,50.59,two-year,check,2,False,5.0,0,No
101696,34,136.79,month-to-month,card,4,False,,1,Yes
101697,11,63.41,month-to-month,paypal,4,False,,1,Yes
101698,26,33.58,one-year,card,2,True,14.0,0,No
101699,69,52.54,month-to-month,bank,0,False,19.0,0,No
101700,19,68.71,two-year,card,0,True,9.0,1,Yes
101701,13,83.67,month-to-month,card,0,False,3.0,0,No
101702,49,83.87,two-year,check,1,True,10.0,0,No
101703,15,86.92,month-to-month,check,1,False,29.0,0,No
101704,66,53.88,month-to-month,bank,1,False,46.0,0,No
101705,61,78.51,month-to-month,bank,2,False,11.0,0,No
101706,70,48.1,month-to-month,check,5,True,0.0,0,No
101707,65,54.51,one-year,card,2,False,1.0,0,No
101708,18,47.06,month-to-month,card,0,False,3.0,0,No
101709,16,40.29,month-to-month,card,0,True,11.0,0,No
101710,25,96.61,one-year,card,2,False,,1,Yes
101711,34,87.22,month-to-month,paypal,1,False,19.0,0,No
101712,63,94.42,one-year,check,1,False,21.0,0,No
101713,53,70.98,one-year,card,0,False,17.0,0,No
101714,46,89.42,month-to-month,check,3,False,2.0,0,No
101715,63,25.97,one-year,bank,2,False,8.0,0,No
101716,46,91.58,month-to-month,card,1,True,14.0,0,No
101717,27,74.43,month-to-month,paypal,1,False,3.0,1,Yes
101718,30,85.68,month-to-month,paypal,1,False,6.0,0,No
101719,37,79.5,two-year,paypal,2,False,3.0,0,No
101720,7,45.32,one-year,paypal,0,False,1.0,1,Yes
101721,53,32.55,month-to-month,check,1,False,8.0,0,No
101722,47,52.2,two-year,paypal,2,True,5.0,0,No
101723,52,84.12,month-to-month,check,1,False,,0,No
101724,38,87.25,two-year,card,1,True,1.0,0,No
101725,56,35.8,one-year,card,3,False,4.0,0,No
101726,68,45.47,two-year,paypal,4,False,11.0,0,No
101727,41,51.92,two-year,bank,5,False,20.0,0,No
101728,32,61.07,two-year,check,4,False,13.0,0,No
101729,8,35.95,month-to-month,card,1,False,11.0,0,No
101730,56,34.45,one-year,bank,4,False,4.0,0,No
101731,65,49.45,two-year,card,0,False,1.0,0,No
101732,50,72.16,one-year,card,5,True,4.0,0,No
101733,62,40.49,month-to-month,card,2,False,2.0,0,No
101734,62,67.1,two-year,card,1,True,,0,No
101735,57,96.46,month-to-month,check,0,False,29.0,0,No
101736,36,37.46,month-to-month,card,1,False,16.0,0,No
101737,8,64.84,month-to-month,card,2,False,6.0,0,No
101738,1,95.62,month-to-month,check,2,False,4.0,1,Yes
101739,15,59.54,one-year,card,4,False,9.0,0,No
101740,31,55.66,month-to-month,check,1,False,3.0,1,Yes
101741,53,99.09,one-year,paypal,1,False,28.0,0,No
101742,33,62.34,two-year,paypal,1,True,34.0,0,No
101743,2,97.61,month-to-month,card,1,True,10.0,1,Yes
101744,15,80.72,one-year,card,1,False,11.0,0,No
101745,70,61.43,month-to-month,check,1,False,20.0,0,No
101746,71,81.99,two-year,bank,1,False,9.0,0,No
101747,27,78.01,two-year,bank,2,True,2.0,0,No
101748,58,95.52,month-to-month,bank,1,True,16.0,0,No
101749,52,56.29,one-year,check,1,False,4.0,0,No
101750,67,71.03,month-to-month,bank,2,False,7.0,0,No
101751,64,68.46,month-to-month,card,1,True,12.0,1,Yes
101752,45,87.6,one-year,card,0,True,1.0,0,No
101753,29,44.37,month-to-month,card,1,True,18.0,0,No
101754,45,95.42,one-year,bank,0,False,40.0,0,No
101755,23,81.66,month-to-month,paypal,3,False,2.0,1,Yes
101756,25,37.08,month-to-month,paypal,2,False,,1,Yes
101757,44,100.21,two-year,bank,1,False,24.0,0,No
101758,41,125.85,month-to-month,card,2,False,2.0,1,Yes
101759,42,95.05,one-year,card,1,True,0.0,0,No
101760,28,105.67,month-to-month,paypal,0,True,2.0,0,No
101761,30,72.13,two-year,bank,1,False,20.0,0,No
101762,1,28.46,one-year,paypal,1,False,21.0,0,No
101763,43,23.9,month-to-month,check,4,False,36.0,0,No
101764,41,76.38,month-to-month,paypal,1,False,4.0,0,No
101765,67,55.2,month-to-month,card,1,False,7.0,0,No
101766,36,47.14,two-year,paypal,3,True,6.0,0,No
101767,34,68.43,month-to-month,check,1,False,3.0,1,No
101768,5,85.39,month-to-month,bank,1,False,27.0,1,Yes
101769,14,33.68,one-year,check,3,False,17.0,0,No
101770,25,58.78,month-to-month,bank,1,True,13.0,1,Yes
101771,27,107.75,month-to-month,check,0,False,7.0,1,Yes
101772,26,43.12,month-to-month,paypal,2,False,5.0,0,No
101773,28,91.74,month-to-month,paypal,2,False,2.0,1,Yes
101774,55,57.88,one-year,paypal,2,False,,0,No
101775,10,83.64,two-year,bank,0,True,50.0,0,No
101776,24,97.43,two-year,paypal,2,True,3.0,0,No
101777,12,88.53,two-year,paypal,0,True,1.0,0,No
101778,22,92.73,month-to-month,card,2,True,1.0,1,Yes
101779,49,41.21,month-to-month,bank,2,False,4.0,0,No
101780,4,97.84,one-year,check,0,False,46.0,0,No
101781,25,48.68,two-year,bank,0,False,,0,No
101782,2,76.49,one-year,card,3,True,0.0,0,No
101783,68,76.46,month-to-month,check,2,True,15.0,0,No
101784,52,82.13,one-year,bank,0,False,2.0,0,No
101785,18,78.42,one-year,check,3,True,,0,No
101786,15,48.9,two-year,card,1,True,4.0,0,No
101787,8,36.25,one-year,card,1,True,2.0,0,No
101788,34,91.81,month-to-month,check,2,True,12.0,0,No
101789,54,74.65,month-to-month,paypal,1,True,3.0,0,No
101790,42,98.73,month-to-month,check,4,True,,0,No
101791,63,68.88,month-to-month,paypal,3,False,24.0,0,No
101792,25,34.87,two-year,paypal,4,True,19.0,0,No
101793,20,94.15,month-to-month,bank,0,False,0.0,1,Yes
101794,34,60.74,month-to-month,card,2,False,,1,Yes
101795,15,78.55,month-to-month,check,1,False,2.0,0,No
101796,70,53.81,one-year,check,1,False,27.0,0,No
101797,14,111.11,month-to-month,paypal,1,True,14.0,1,Yes
101798,34,48.09,month-to-month,check,2,True,,1,Yes
101799,38,61.56,two-year,paypal,1,False,6.0,0,No
101800,5,72.69,month-to-month,paypal,3,False,,0,No
101801,34,42.7,month-to-month,check,0,False,12.0,0,No
101802,33,78.26,month-to-month,check,1,False,1.0,0,No
101803,19,110.3,one-year,card,1,False,7.0,0,No
101804,10,57.74,one-year,paypal,1,False,5.0,0,No
101805,4,79.88,two-year,check,1,False,10.0,0,No
101806,1,15.0,month-to-month,paypal,2,False,5.0,0,No
101807,35,69.03,two-year,card,1,False,7.0,0,No
101808,7,62.17,one-year,card,1,False,25.0,0,No
101809,69,49.54,month-to-month,check,4,False,6.0,0,No
101810,18,97.04,month-to-month,bank,0,False,16.0,1,Yes
101811,47,61.84,month-to-month,check,2,False,14.0,1,Yes
101812,48,65.56,two-year,bank,3,False,1.0,0,No
101813,36,60.57,month-to-month,check,4,False,16.0,1,Yes
101814,63,22.08,month-to-month,check,2,False,15.0,0,No
101815,8,41.7,one-year,card,1,True,12.0,0,No
101816,17,94.03,two-year,paypal,2,False,25.0,0,No
101817,18,17.25,one-year,bank,1,True,21.0,0,No
101818,10,50.84,one-year,check,4,False,16.0,0,No
101819,21,60.01,month-to-month,check,2,True,17.0,0,No
101820,23,113.59,two-year,check,1,False,1.0,0,No
101821,55,89.22,month-to-month,bank,1,False,38.0,1,Yes
101822,22,56.07,month-to-month,card,1,True,7.0,1,Yes
101823,63,102.61,two-year,card,0,False,42.0,0,No
101824,55,51.49,month-to-month,paypal,2,False,54.0,0,No
101825,65,95.23,month-to-month,card,3,True,0.0,0,No
101826,8,36.03,one-year,card,2,True,1.0,0,No
101827,70,96.83,month-to-month,paypal,2,True,,0,No
101828,44,59.85,month-to-month,card,1,False,13.0,0,No
101829,70,44.29,one-year,bank,4,False,20.0,0,No
101830,26,64.57,one-year,bank,0,True,,0,No
101831,68,76.93,one-year,check,0,True,11.0,0,No
101832,42,57.63,month-to-month,check,0,False,,1,Yes
101833,6,83.85,one-year,check,0,True,1.0,0,No
101834,30,55.43,two-year,check,1,False,2.0,0,No
101835,10,85.51,month-to-month,paypal,0,True,16.0,1,Yes
101836,67,81.06,month-to-month,check,1,False,26.0,0,No
101837,22,68.48,month-to-month,check,0,False,7.0,0,No
101838,16,58.97,month-to-month,paypal,0,False,3.0,0,No
101839,40,73.79,month-to-month,card,1,True,0.0,0,No
101840,31,83.76,one-year,paypal,5,False,5.0,0,No
101841,7,121.54,two-year,card,2,False,17.0,1,Yes
101842,58,93.49,month-to-month,bank,1,False,0.0,0,No
101843,61,94.4,one-year,card,1,True,11.0,0,No
101844,53,147.21,month-to-month,check,3,True,1.0,0,No
101845,44,82.9,month-to-month,paypal,1,False,6.0,0,No
101846,29,82.12,one-year,bank,4,False,4.0,0,No
101847,39,87.6,month-to-month,check,1,False,2.0,0,No
101848,37,44.78,two-year,bank,0,False,4.0,0,No
101849,12,58.9,month-to-month,paypal,0,False,8.0,1,Yes
101850,6,57.35,month-to-month,paypal,3,False,1.0,1,Yes
101851,18,86.19,month-to-month,check,1,False,2.0,0,No
101852,33,65.65,month-to-month,bank,0,True,3.0,0,No
101853,12,73.46,two-year,paypal,3,True,0.0,0,No
101854,8,97.19,one-year,card,3,False,,0,No
101855,61,91.58,month-to-month,paypal,3,True,4.0,0,No
101856,27,65.96,month-to-month,paypal,2,False,,0,No
101857,42,53.25,one-year,check,1,True,,0,No
101858,38,98.38,one-year,check,0,True,8.0,1,No
101859,53,89.35,month-to-month,bank,1,False,,0,No
101860,53,29.84,month-to-month,bank,0,False,10.0,0,No
101861,22,62.17,month-to-month,card,2,False,4.0,1,Yes
101862,61,74.14,month-to-month,bank,2,True,8.0,0,No
101863,27,89.47,month-to-month,check,1,True,7.0,0,No
101864,60,92.75,month-to-month,bank,0,False,2.0,0,No
101865,29,77.1,month-to-month,paypal,1,False,4.0,0,No
101866,8,84.63,month-to-month,paypal,1,True,7.0,1,Yes
101867,54,71.6,month-to-month,check,0,False,5.0,0,No
101868,3,53.15,two-year,bank,0,True,6.0,0,No
101869,55,63.47,one-year,bank,1,False,6.0,0,No
101870,4,70.47,month-to-month,check,1,True,4.0,0,No
101871,15,69.13,month-to-month,check,3,False,14.0,0,No
101872,43,22.86,month-to-month,card,2,True,10.0,0,No
101873,67,60.06,two-year,bank,3,False,1.0,0,No
101874,30,71.41,one-year,bank,0,False,5.0,0,No
101875,9,62.97,month-to-month,bank,3,True,6.0,1,Yes
101876,17,63.83,two-year,card,2,True,33.0,1,Yes
101877,64,82.2,two-year,paypal,4,False,8.0,0,No
101878,52,43.03,two-year,bank,0,False,6.0,0,No
101879,8,29.3,month-to-month,check,0,False,19.0,1,Yes
101880,28,61.3,month-to-month,card,0,False,7.0,0,No
101881,19,89.1,one-year,bank,2,True,19.0,0,No
101882,13,112.19,month-to-month,card,2,False,,1,Yes
101883,61,89.55,one-year,bank,2,True,6.0,0,No
101884,44,33.29,one-year,paypal,2,False,,0,No
101885,13,64.19,month-to-month,check,2,False,11.0,0,No
101886,47,76.42,month-to-month,paypal,2,False,11.0,0,No
101887,30,74.44,month-to-month,bank,2,True,1.0,1,Yes
101888,5,83.48,month-to-month,paypal,0,True,1.0,1,Yes
101889,32,47.07,one-year,card,1,False,44.0,0,No
101890,14,71.62,one-year,paypal,0,True,5.0,0,No
101891,18,80.51,month-to-month,check,1,False,1.0,1,Yes
101892,63,90.64,one-year,card,1,False,2.0,0,No
101893,51,49.86,month-to-month,check,1,True,1.0,0,No
101894,10,61.37,one-year,bank,1,False,25.0,0,No
101895,61,15.0,month-to-month,card,0,False,6.0,0,No
101896,41,54.46,one-year,paypal,1,False,1.0,0,No
101897,63,56.89,one-year,check,3,True,3.0,0,No
101898,54,44.51,month-to-month,check,1,True,4.0,0,No
101899,25,74.14,one-year,check,3,True,12.0,0,No
101900,38,68.6,two-year,card,0,False,10.0,0,No
101901,38,15.0,month-to-month,bank,1,False,20.0,0,No
101902,52,75.39,one-year,check,2,False,1.0,0,No
101903,18,46.79,two-year,bank,1,False,17.0,0,No
101904,24,82.14,two-year,paypal,2,False,7.0,0,No
101905,18,37.95,month-to-month,bank,2,False,4.0,0,No
101906,22,70.75,one-year,bank,1,True,3.0,0,No
101907,12,62.92,two-year,bank,4,False,0.0,0,No
101908,3,77.58,one-year,card,1,False,6.0,1,Yes
101909,67,73.12,month-to-month,paypal,1,False,3.0,0,No
101910,6,63.62,month-to-month,card,0,False,5.0,0,No
101911,64,31.59,one-year,bank,0,True,0.0,0,No
101912,1,33.07,month-to-month,paypal,0,False,10.0,0,No
101913,56,55.4,month-to-month,paypal,0,False,2.0,0,No
101914,24,69.79,month-to-month,card,0,False,2.0,1,Yes
101915,37,54.79,one-year,bank,2,False,6.0,0,No
101916,21,85.63,month-to-month,check,3,False,36.0,0,No
101917,35,63.02,two-year,check,1,False,1.0,0,No
101918,33,45.87,one-year,bank,0,False,7.0,1,Yes
101919,38,63.05,two-year,check,3,False,3.0,0,No
101920,28,75.65,two-year,paypal,2,False,0.0,0,No
101921,39,78.12,month-to-month,paypal,0,False,5.0,0,No
101922,59,116.96,one-year,paypal,1,False,4.0,0,No
101923,31,53.28,month-to-month,paypal,1,False,5.0,0,No
101924,26,68.16,two-year,paypal,3,True,61.0,1,Yes
101925,10,80.65,month-to-month,check,3,False,3.0,1,Yes
101926,26,69.41,one-year,paypal,0,True,1.0,0,No
101927,9,57.48,two-year,bank,3,False,7.0,0,No
101928,13,31.27,month-to-month,check,5,True,1.0,0,No
101929,68,57.23,two-year,paypal,1,True,27.0,0,No
101930,7,43.16,month-to-month,card,1,True,21.0,1,Yes
101931,35,26.83,month-to-month,paypal,1,True,6.0,0,No
101932,60,50.11,month-to-month,paypal,1,True,8.0,0,No
101933,68,43.82,month-to-month,paypal,4,False,5.0,0,No
101934,11,84.59,one-year,paypal,1,True,6.0,0,No
101935,12,85.03,two-year,card,3,True,9.0,1,Yes
101936,27,47.4,month-to-month,bank,0,True,16.0,1,Yes
101937,40,63.49,one-year,card,2,True,6.0,0,No
101938,69,23.54,two-year,check,2,True,2.0,0,No
101939,15,57.64,one-year,bank,1,False,1.0,0,No
101940,12,79.97,month-to-month,bank,3,False,3.0,0,No
101941,18,90.62,two-year,check,2,True,26.0,0,No
101942,63,52.17,month-to-month,paypal,3,False,14.0,1,Yes
101943,3,96.3,one-year,card,2,True,,0,No
101944,27,32.11,one-year,paypal,2,False,,0,No
101945,9,38.81,one-year,bank,0,False,33.0,0,No
101946,12,87.74,month-to-month,paypal,2,True,10.0,1,Yes
101947,66,111.78,month-to-month,check,0,True,8.0,0,No
101948,1,82.34,one-year,bank,1,False,85.0,1,Yes
101949,23,68.99,month-to-month,card,1,True,10.0,0,No
101950,65,15.12,month-to-month,card,0,True,17.0,0,No
101951,44,19.44,one-year,check,0,False,1.0,0,No
101952,6,73.24,one-year,bank,3,False,7.0,0,No
101953,34,61.05,month-to-month,card,4,True,3.0,0,No
101954,69,42.35,month-to-month,card,3,False,4.0,0,No
101955,29,71.64,two-year,paypal,2,True,6.0,0,No
101956,38,72.88,month-to-month,bank,0,True,6.0,0,No
101957,38,93.61,month-to-month,bank,1,False,15.0,0,No
101958,47,73.42,month-to-month,bank,3,False,,1,Yes
101959,14,100.71,month-to-month,check,1,False,5.0,1,Yes
101960,60,70.2,two-year,bank,0,False,2.0,0,No
101961,71,67.12,month-to-month,check,1,False,21.0,1,Yes
101962,11,96.61,month-to-month,bank,1,False,8.0,1,Yes
101963,59,45.54,month-to-month,bank,1,False,41.0,0,No
101964,59,140.36,month-to-month,paypal,3,False,,1,Yes
101965,53,79.38,month-to-month,bank,0,False,5.0,1,Yes
101966,27,79.52,two-year,paypal,0,True,25.0,0,No
101967,34,83.13,one-year,paypal,1,False,20.0,0,No
101968,60,116.93,month-to-month,check,2,True,,0,No
101969,11,89.81,month-to-month,check,1,False,1.0,1,Yes
101970,59,29.87,month-to-month,paypal,0,False,7.0,0,No
101971,66,105.09,month-to-month,card,1,False,19.0,0,No
101972,49,61.48,one-year,bank,2,True,6.0,0,No
101973,25,72.68,month-to-month,check,0,False,6.0,0,No
101974,40,38.02,one-year,card,1,False,2.0,0,No
101975,4,83.16,two-year,card,1,False,0.0,0,No
101976,67,53.72,month-to-month,card,0,False,3.0,0,No
101977,25,72.5,two-year,bank,1,True,37.0,0,No
101978,5,62.9,month-to-month,check,1,True,2.0,1,Yes
101979,57,118.13,month-to-month,bank,2,False,3.0,0,No
101980,47,119.56,two-year,card,2,True,,0,No
101981,45,71.16,month-to-month,bank,1,False,,0,No
101982,4,71.6,one-year,paypal,2,False,3.0,0,No
101983,54,60.66,one-year,card,1,False,14.0,0,No
101984,46,97.65,month-to-month,paypal,0,True,,0,No
101985,57,61.78,two-year,bank,1,True,3.0,0,No
101986,59,59.47,month-to-month,card,2,False,17.0,0,No
101987,16,94.46,two-year,card,2,False,4.0,0,No
101988,15,56.54,month-to-month,card,1,True,15.0,0,No
101989,66,69.06,month-to-month,bank,1,False,2.0,0,No
101990,38,30.47,month-to-month,bank,3,False,5.0,0,No
101991,32,87.6,two-year,check,0,False,37.0,0,No
101992,21,118.52,month-to-month,card,1,False,16.0,0,No
101993,46,88.03,two-year,check,4,True,3.0,0,No
101994,54,106.54,month-to-month,check,1,True,,0,No
101995,1,48.85,month-to-month,card,1,False,15.0,0,No
101996,40,75.91,month-to-month,check,2,True,7.0,0,No
101997,71,46.42,month-to-month,card,0,False,0.0,0,No
101998,20,64.31,two-year,bank,0,False,3.0,0,No
101999,20,89.31,month-to-month,check,3,False,3.0,0,No
102000,63,72.55,one-year,paypal,0,False,3.0,1,Yes
102001,5,34.68,one-year,check,2,False,26.0,0,No
102002,29,37.12,month-to-month,bank,3,False,16.0,0,No
102003,33,35.47,one-year,paypal,3,True,1.0,0,No
102004,57,82.29,two-year,card,2,True,10.0,0,No
102005,10,121.6,one-year,card,2,False,,1,Yes
102006,31,104.06,month-to-month,bank,0,True,4.0,0,No
102007,11,22.6,one-year,card,3,False,10.0,0,No
102008,56,105.53,one-year,card,2,True,53.0,0,No
102009,45,93.41,month-to-month,bank,0,True,19.0,0,No
102010,36,31.37,one-year,card,1,False,1.0,0,No
102011,28,62.42,month-to-month,check,2,False,4.0,0,No
102012,11,97.39,one-year,check,2,True,34.0,0,No
102013,66,83.76,two-year,bank,4,False,18.0,0,No
102014,46,37.27,two-year,bank,1,True,1.0,0,No
102015,23,85.27,two-year,card,1,True,2.0,0,No
102016,30,16.56,one-year,bank,3,False,12.0,0,No
102017,52,64.43,one-year,card,0,False,3.0,0,No
102018,52,98.45,month-to-month,bank,1,False,24.0,0,No
102019,33,70.46,month-to-month,check,2,False,5.0,1,Yes
102020,22,57.53,month-to-month,paypal,2,False,27.0,0,No
102021,47,92.23,month-to-month,bank,1,False,2.0,0,No
102022,47,94.37,two-year,bank,1,True,,0,No
102023,43,102.75,two-year,check,1,True,10.0,0,No
102024,6,91.86,month-to-month,paypal,1,True,5.0,1,Yes
102025,34,97.03,month-to-month,bank,1,False,4.0,0,No
102026,44,88.32,one-year,paypal,1,False,23.0,0,No
102027,68,76.64,month-to-month,bank,1,True,25.0,0,No
102028,38,72.24,two-year,check,2,True,,0,No
102029,25,64.07,two-year,card,2,True,12.0,0,No
102030,40,39.69,month-to-month,bank,1,False,20.0,0,No
102031,13,46.12,month-to-month,paypal,1,False,8.0,0,No
102032,7,62.95,month-to-month,bank,3,False,4.0,1,Yes
102033,49,76.04,month-to-month,card,1,False,6.0,0,No
102034,71,106.02,month-to-month,paypal,1,True,2.0,1,Yes
102035,61,68.96,month-to-month,card,0,False,27.0,0,No
102036,42,95.09,month-to-month,card,0,False,14.0,1,Yes
102037,3,96.98,month-to-month,paypal,1,True,6.0,1,Yes
102038,71,64.21,month-to-month,bank,2,False,10.0,0,No
102039,32,84.87,one-year,card,0,False,2.0,0,No
102040,21,63.91,month-to-month,paypal,0,True,1.0,0,No
102041,64,103.05,two-year,bank,0,False,8.0,0,No
102042,53,85.9,month-to-month,check,2,False,7.0,1,Yes
102043,54,40.24,month-to-month,bank,0,False,1.0,0,No
102044,20,74.04,month-to-month,check,1,False,1.0,1,Yes
102045,71,111.2,one-year,check,2,True,3.0,0,No
102046,33,65.47,month-to-month,paypal,3,False,18.0,1,Yes
102047,38,81.19,month-to-month,bank,3,True,2.0,0,No
102048,54,83.65,month-to-month,check,2,True,7.0,0,No
102049,47,44.08,two-year,paypal,1,True,15.0,0,No
102050,13,82.77,month-to-month,paypal,0,False,15.0,0,No
102051,22,35.15,month-to-month,check,1,False,5.0,0,No
102052,26,54.36,two-year,bank,1,False,5.0,0,No
102053,68,96.89,month-to-month,check,2,False,1.0,0,No
102054,51,78.92,month-to-month,paypal,1,False,94.0,0,No
102055,27,62.39,two-year,card,2,False,9.0,0,No
102056,53,81.16,month-to-month,check,1,False,,1,Yes
102057,53,68.5,month-to-month,paypal,0,True,1.0,0,No
102058,28,70.31,month-to-month,bank,1,True,,0,No
102059,29,86.42,month-to-month,paypal,0,False,1.0,1,Yes
102060,64,51.82,two-year,bank,3,False,2.0,0,No
102061,40,71.01,one-year,paypal,1,True,4.0,0,No
102062,11,62.19,one-year,check,1,False,0.0,0,No
102063,52,30.36,month-to-month,card,4,True,1.0,0,No
102064,42,46.99,one-year,paypal,2,False,6.0,0,No
102065,37,109.21,one-year,check,0,True,3.0,0,No
102066,52,79.62,month-to-month,card,2,True,10.0,0,No
102067,65,36.91,two-year,check,2,True,17.0,0,No
102068,24,31.49,one-year,check,2,False,1.0,0,No
102069,30,67.2,one-year,paypal,1,False,,0,No
102070,14,109.03,month-to-month,bank,2,True,10.0,1,Yes
102071,46,65.33,month-to-month,bank,1,True,10.0,0,No
102072,29,102.67,one-year,card,2,False,17.0,1,Yes
102073,25,78.8,one-year,paypal,2,True,1.0,0,No
102074,50,81.78,month-to-month,paypal,0,False,15.0,0,No
102075,29,36.61,month-to-month,check,0,False,11.0,0,No
102076,33,93.44,two-year,bank,1,False,17.0,1,Yes
102077,32,61.63,month-to-month,paypal,0,True,10.0,0,No
102078,19,91.58,month-to-month,bank,1,False,5.0,1,Yes
102079,9,49.65,one-year,check,1,False,2.0,0,No
102080,59,74.43,month-to-month,check,1,False,22.0,0,No
102081,7,78.8,month-to-month,paypal,1,False,3.0,1,Yes
102082,24,66.15,month-to-month,paypal,2,False,7.0,1,Yes
102083,48,80.11,two-year,bank,2,True,6.0,0,No
102084,10,63.34,month-to-month,card,1,False,27.0,0,No
102085,47,53.77,one-year,card,3,False,,0,No
102086,53,110.14,two-year,check,1,False,,0,No
102087,48,96.22,one-year,bank,1,False,2.0,0,No
102088,22,50.98,month-to-month,card,0,False,12.0,0,No
102089,2,84.21,month-to-month,paypal,2,True,5.0,1,Yes
102090,64,51.43,month-to-month,check,3,True,2.0,0,No
102091,24,40.38,one-year,card,0,False,,0,No
102092,58,95.85,two-year,check,0,False,3.0,0,No
102093,15,27.4,one-year,check,1,True,11.0,0,No
102094,12,93.17,month-to-month,paypal,4,False,12.0,1,Yes
102095,56,63.68,month-to-month,paypal,1,False,22.0,1,No
102096,67,64.71,two-year,paypal,1,False,5.0,0,No
102097,62,80.24,month-to-month,paypal,3,True,7.0,0,No
102098,54,84.53,two-year,paypal,1,True,,0,No
102099,18,49.34,month-to-month,check,1,False,10.0,0,No
102100,65,87.94,one-year,check,4,False,4.0,0,No
102101,48,72.83,two-year,paypal,1,True,18.0,0,No
102102,13,38.6,month-to-month,paypal,1,False,,0,No
102103,10,65.75,month-to-month,card,0,False,11.0,0,No
102104,62,104.53,two-year,card,0,False,1.0,0,No
102105,20,111.91,month-to-month,bank,1,False,20.0,1,Yes
102106,55,87.93,month-to-month,bank,2,True,0.0,0,No
102107,10,40.24,month-to-month,check,3,False,8.0,1,Yes
102108,20,82.27,month-to-month,bank,0,False,9.0,0,No
102109,21,91.27,one-year,paypal,0,True,8.0,0,No
102110,20,88.14,month-to-month,paypal,2,False,17.0,0,No
102111,48,89.62,month-to-month,bank,0,False,14.0,1,Yes
102112,65,79.08,two-year,paypal,3,False,8.0,0,No
102113,65,68.19,month-to-month,card,2,False,3.0,0,No
102114,53,54.79,month-to-month,paypal,0,False,1.0,0,No
102115,15,22.55,one-year,check,0,True,1.0,0,No
102116,69,78.49,two-year,check,3,False,7.0,0,No
102117,39,74.65,one-year,bank,1,True,1.0,0,No
102118,39,83.94,two-year,card,2,True,20.0,0,No
102119,50,36.56,month-to-month,paypal,1,False,6.0,0,No
102120,55,86.13,month-to-month,card,0,False,14.0,0,No
102121,68,121.36,two-year,bank,1,False,37.0,0,No
102122,42,71.96,two-year,card,0,False,10.0,0,No
102123,44,68.46,one-year,paypal,2,False,5.0,0,No
102124,53,77.73,month-to-month,check,1,False,3.0,0,No
102125,19,120.81,month-to-month,check,1,False,13.0,0,No
102126,22,44.41,month-to-month,bank,0,True,14.0,0,No
102127,45,75.08,two-year,paypal,1,False,2.0,0,No
102128,5,50.01,two-year,card,3,False,1.0,1,Yes
102129,23,56.32,month-to-month,check,1,True,12.0,0,No
102130,51,68.76,month-to-month,paypal,3,True,,0,No
102131,70,103.68,month-to-month,bank,0,True,6.0,0,No
102132,37,115.02,month-to-month,check,2,False,12.0,1,Yes
102133,29,81.2,one-year,bank,2,False,12.0,0,No
102134,32,60.59,one-year,paypal,1,False,20.0,0,No
102135,49,132.32,month-to-month,paypal,2,True,38.0,1,Yes
102136,39,59.31,one-year,bank,3,False,10.0,0,No
102137,2,55.72,two-year,card,0,False,4.0,0,No
102138,39,25.63,month-to-month,card,1,False,46.0,0,No
102139,29,104.9,month-to-month,check,2,False,,1,Yes
102140,50,94.21,month-to-month,paypal,3,False,0.0,1,Yes
102141,63,130.45,month-to-month,card,3,False,10.0,1,Yes
102142,69,35.26,month-to-month,paypal,0,False,,0,No
102143,44,106.45,one-year,paypal,1,False,11.0,0,No
102144,26,71.75,month-to-month,bank,1,False,,0,No
102145,32,90.15,month-to-month,card,0,False,1.0,0,No
102146,13,28.81,two-year,check,2,True,5.0,0,No
102147,67,106.7,month-to-month,check,3,False,,0,No
102148,61,89.66,one-year,paypal,1,False,3.0,0,No
102149,61,69.03,one-year,check,2,False,23.0,0,No
102150,24,86.13,two-year,card,3,False,9.0,0,No
102151,23,50.86,one-year,card,1,False,4.0,0,No
102152,61,55.51,two-year,bank,1,False,6.0,0,No
102153,39,58.41,one-year,bank,2,True,,0,No
102154,51,23.68,month-to-month,bank,1,False,11.0,0,No
102155,35,91.54,month-to-month,paypal,2,True,,1,Yes
102156,32,99.79,month-to-month,bank,3,True,19.0,1,Yes
102157,45,52.47,month-to-month,check,3,False,2.0,0,No
102158,58,78.71,month-to-month,bank,2,False,12.0,0,No
102159,24,63.36,month-to-month,paypal,0,True,6.0,1,Yes
102160,58,78.21,month-to-month,paypal,1,True,6.0,0,No
102161,18,54.31,month-to-month,paypal,3,False,15.0,0,No
102162,29,47.91,month-to-month,paypal,0,False,,0,No
102163,65,96.3,one-year,check,2,False,12.0,1,Yes
102164,68,68.4,one-year,check,1,True,17.0,0,No
102165,66,120.55,two-year,check,0,False,,0,No
102166,23,71.16,month-to-month,card,2,True,,0,No
102167,60,46.85,two-year,paypal,2,False,10.0,0,No
102168,67,100.67,one-year,paypal,1,True,14.0,0,No
102169,70,85.77,month-to-month,check,1,True,1.0,0,No
102170,2,88.17,two-year,paypal,1,False,2.0,0,No
102171,53,99.77,month-to-month,bank,3,False,11.0,1,Yes
102172,71,53.68,one-year,card,2,False,10.0,0,No
102173,55,66.82,one-year,paypal,3,False,12.0,0,No
102174,17,65.71,month-to-month,check,2,False,0.0,0,No
102175,55,37.73,one-year,paypal,2,False,2.0,0,No
102176,8,63.41,month-to-month,card,2,False,24.0,1,Yes
102177,35,103.41,month-to-month,bank,1,False,3.0,0,No
102178,45,75.93,month-to-month,check,2,False,5.0,1,Yes
102179,33,36.35,month-to-month,card,0,True,10.0,0,No
102180,50,31.1,month-to-month,paypal,3,False,13.0,0,No
102181,18,111.62,one-year,check,0,False,18.0,0,No
102182,44,67.74,month-to-month,card,0,False,12.0,0,No
102183,46,53.81,month-to-month,check,1,False,10.0,0,No
102184,45,63.15,one-year,paypal,1,False,5.0,0,No
102185,21,33.07,month-to-month,bank,0,False,25.0,0,No
102186,22,105.58,month-to-month,check,1,False,3.0,1,Yes
102187,19,60.17,one-year,check,0,False,31.0,1,Yes
102188,33,104.19,two-year,card,0,True,5.0,1,No
102189,42,71.29,month-to-month,check,3,False,17.0,0,No
102190,26,105.74,month-to-month,check,3,False,24.0,1,Yes
102191,30,76.42,one-year,bank,4,True,2.0,0,No
102192,21,91.33,two-year,bank,1,True,,1,Yes
102193,16,87.98,month-to-month,check,0,False,18.0,1,Yes
102194,47,85.58,month-to-month,paypal,1,False,8.0,0,No
102195,58,78.7,month-to-month,bank,1,False,9.0,0,No
102196,21,64.18,one-year,card,1,True,5.0,0,No
102197,62,117.89,two-year,paypal,2,True,,0,No
102198,41,47.33,one-year,card,2,False,2.0,0,No
102199,12,70.11,month-to-month,card,2,True,4.0,1,Yes
102200,26,70.37,one-year,bank,2,False,21.0,0,No
102201,1,80.06,two-year,paypal,2,False,5.0,0,No
102202,3,59.26,month-to-month,paypal,1,True,15.0,0,No
102203,24,77.87,two-year,bank,0,False,18.0,0,No
102204,33,65.78,month-to-month,check,5,True,1.0,1,Yes
102205,57,30.45,month-to-month,paypal,1,False,15.0,0,No
102206,10,70.24,one-year,check,2,False,0.0,0,No
102207,60,42.49,month-to-month,paypal,1,False,3.0,0,No
102208,17,26.64,two-year,card,3,False,,0,No
102209,10,73.42,month-to-month,card,2,True,7.0,0,No
102210,50,82.2,month-to-month,card,1,False,9.0,0,No
102211,55,83.17,month-to-month,paypal,0,True,2.0,0,No
102212,43,84.18,month-to-month,bank,2,False,0.0,0,No
102213,9,21.69,month-to-month,bank,0,True,3.0,1,Yes
102214,9,35.97,one-year,check,2,False,5.0,0,No
102215,28,119.34,month-to-month,check,2,True,5.0,0,No
102216,32,43.82,month-to-month,card,1,False,30.0,1,Yes
102217,71,85.27,one-year,paypal,1,True,9.0,0,No
102218,21,52.83,month-to-month,bank,0,True,1.0,0,No
102219,14,71.99,one-year,paypal,0,True,5.0,0,No
102220,68,54.17,month-to-month,paypal,0,True,6.0,0,No
102221,11,84.04,month-to-month,check,4,False,16.0,1,Yes
102222,2,73.42,one-year,check,0,False,8.0,1,Yes
102223,31,58.79,one-year,paypal,1,True,1.0,0,No
102224,29,43.75,two-year,bank,2,False,20.0,0,No
102225,44,76.69,month-to-month,bank,2,False,6.0,1,Yes
102226,63,39.68,month-to-month,check,0,True,7.0,0,No
102227,67,80.69,one-year,card,2,False,,0,No
102228,21,135.66,one-year,paypal,1,False,1.0,0,No
102229,70,103.75,one-year,card,1,False,,0,No
102230,45,87.96,one-year,paypal,0,False,2.0,0,No
102231,5,67.86,one-year,bank,2,False,1.0,0,No
102232,67,21.53,month-to-month,card,0,False,6.0,0,No
102233,10,36.94,one-year,check,0,False,34.0,0,No
102234,42,102.07,month-to-month,bank,2,False,8.0,1,Yes
102235,57,50.26,month-to-month,bank,1,False,29.0,0,No
102236,18,52.52,one-year,bank,1,False,5.0,0,No
102237,20,65.86,month-to-month,check,3,False,11.0,1,Yes
102238,34,43.45,month-to-month,card,3,False,4.0,0,No
102239,63,39.33,two-year,card,1,True,25.0,0,No
102240,16,68.74,one-year,bank,0,True,,0,No
102241,48,47.71,month-to-month,bank,0,True,10.0,0,No
102242,33,51.47,two-year,check,1,True,12.0,1,Yes
102243,8,50.47,month-to-month,check,1,False,1.0,1,Yes
102244,51,83.06,one-year,check,0,False,3.0,0,No
102245,60,64.2,month-to-month,card,1,True,1.0,0,No
102246,41,65.54,month-to-month,paypal,2,False,5.0,1,Yes
102247,13,84.92,month-to-month,check,2,True,6.0,1,Yes
102248,12,66.45,month-to-month,card,0,False,25.0,0,No
102249,31,63.04,month-to-month,paypal,1,False,5.0,0,No
102250,36,81.76,month-to-month,paypal,2,True,5.0,0,No
102251,40,86.7,one-year,check,1,False,1.0,0,No
102252,18,66.32,month-to-month,paypal,0,False,4.0,0,No
102253,36,72.02,month-to-month,paypal,1,False,7.0,0,No
102254,21,50.46,two-year,paypal,0,False,7.0,0,No
102255,49,48.48,one-year,paypal,0,True,7.0,0,No
102256,57,89.23,two-year,card,0,True,2.0,0,No
102257,47,81.12,month-to-month,card,1,False,3.0,0,No
102258,1,81.38,month-to-month,check,1,True,19.0,1,Yes
102259,71,77.02,one-year,check,1,False,4.0,0,No
102260,2,71.16,one-year,check,3,False,0.0,1,Yes
102261,71,87.41,month-to-month,card,2,True,22.0,0,No
102262,3,93.38,two-year,paypal,1,False,3.0,1,Yes
102263,37,92.78,one-year,bank,1,False,9.0,0,No
102264,8,67.48,one-year,check,2,False,7.0,0,No
102265,7,104.67,month-to-month,check,3,True,22.0,1,Yes
102266,49,75.71,one-year,paypal,2,False,46.0,0,No
102267,52,85.81,month-to-month,check,3,True,6.0,0,No
102268,9,77.05,two-year,check,3,False,14.0,0,No
102269,70,76.18,month-to-month,paypal,1,False,,0,No
102270,23,51.61,month-to-month,card,2,True,13.0,0,No
102271,23,87.53,month-to-month,check,2,False,4.0,0,No
102272,22,141.13,one-year,check,3,False,55.0,1,Yes
102273,33,60.63,two-year,paypal,0,False,2.0,0,No
102274,13,71.77,two-year,card,1,True,11.0,0,No
102275,31,58.84,one-year,check,0,False,3.0,0,No
102276,15,57.8,two-year,bank,0,False,4.0,0,No
102277,4,108.61,one-year,card,2,True,11.0,1,Yes
102278,27,53.18,month-to-month,check,3,True,0.0,1,Yes
102279,48,58.15,one-year,card,1,False,31.0,0,No
102280,55,30.31,month-to-month,card,1,False,20.0,0,No
102281,26,51.06,month-to-month,check,1,False,15.0,0,No
102282,23,27.29,month-to-month,paypal,1,False,,0,No
102283,56,85.8,month-to-month,check,2,True,7.0,0,No
102284,49,139.99,two-year,card,2,False,3.0,0,No
102285,60,60.83,two-year,card,1,False,6.0,0,No
102286,65,28.33,month-to-month,bank,0,True,4.0,0,No
102287,59,92.5,one-year,bank,2,False,20.0,0,No
102288,67,51.83,month-to-month,card,2,False,20.0,0,No
102289,30,102.48,month-to-month,bank,2,True,,1,Yes
102290,29,62.95,month-to-month,card,4,False,4.0,0,No
102291,23,54.2,month-to-month,check,1,False,11.0,0,No
102292,17,65.55,month-to-month,check,0,False,9.0,1,Yes
102293,54,88.94,month-to-month,bank,3,True,3.0,0,No
102294,51,64.31,month-to-month,check,5,True,,0,No
102295,57,57.58,month-to-month,card,1,False,,0,No
102296,12,65.03,two-year,paypal,0,False,3.0,0,No
102297,35,38.2,month-to-month,card,1,True,8.0,0,No
102298,16,79.93,month-to-month,check,1,False,32.0,0,No
102299,64,25.33,month-to-month,bank,5,True,11.0,1,No
102300,19,58.9,month-to-month,bank,0,False,6.0,0,No
102301,11,88.98,month-to-month,check,1,False,27.0,0,No
102302,41,77.58,month-to-month,check,0,True,,0,No
102303,63,84.76,one-year,paypal,1,False,1.0,0,No
102304,66,68.37,one-year,check,1,False,0.0,0,No
102305,7,99.24,one-year,card,1,False,35.0,1,Yes
102306,24,93.12,one-year,check,1,False,6.0,0,No
102307,11,81.15,month-to-month,check,2,True,17.0,1,Yes
102308,22,93.19,month-to-month,paypal,0,True,1.0,1,Yes
102309,38,88.76,month-to-month,check,0,False,3.0,1,Yes
102310,20,59.01,month-to-month,paypal,5,False,,0,No
102311,5,36.4,month-to-month,check,0,True,6.0,1,Yes
102312,37,80.51,month-to-month,check,1,False,,0,No
102313,4,83.65,one-year,bank,1,True,,0,No
102314,17,97.26,month-to-month,bank,1,True,,1,Yes
102315,1,46.59,month-to-month,card,1,False,30.0,1,Yes
102316,7,47.34,one-year,check,2,False,,1,Yes
102317,31,81.5,month-to-month,paypal,0,False,5.0,0,No
102318,61,68.22,two-year,card,0,True,9.0,0,No
102319,55,22.86,two-year,paypal,0,True,,0,No
102320,8,79.38,two-year,paypal,0,True,4.0,1,Yes
102321,3,23.69,month-to-month,bank,0,False,,0,No
102322,25,46.37,month-to-month,bank,5,False,15.0,1,Yes
102323,47,103.79,one-year,check,4,True,6.0,0,No
102324,54,115.62,one-year,paypal,0,False,11.0,0,No
102325,59,39.61,one-year,card,0,False,,0,No
102326,25,61.77,month-to-month,bank,1,True,1.0,0,No
102327,12,71.07,month-to-month,card,0,True,19.0,1,Yes
102328,2,114.53,month-to-month,check,0,False,27.0,0,No
102329,11,57.68,month-to-month,card,2,True,5.0,1,Yes
102330,5,58.08,month-to-month,bank,1,True,11.0,1,Yes
102331,62,108.72,two-year,check,1,True,13.0,0,No
102332,20,60.63,month-to-month,paypal,1,False,15.0,0,No
102333,59,88.06,one-year,card,1,False,1.0,0,No
102334,40,33.07,two-year,check,3,False,6.0,0,No
102335,39,65.72,month-to-month,card,3,False,22.0,0,No
102336,33,28.51,month-to-month,check,1,False,,0,No
102337,59,43.61,one-year,card,0,True,0.0,0,No
102338,4,90.98,month-to-month,paypal,2,False,,1,Yes
102339,7,68.75,month-to-month,card,5,False,,1,Yes
102340,31,62.02,two-year,check,0,False,7.0,0,No
102341,29,51.28,one-year,bank,0,True,2.0,0,No
102342,39,64.48,two-year,card,1,False,5.0,0,No
102343,53,77.53,two-year,check,2,True,4.0,0,No
102344,42,94.57,month-to-month,card,1,True,5.0,1,Yes
102345,19,15.0,one-year,check,2,False,2.0,0,No
102346,24,49.21,one-year,check,1,True,8.0,0,No
102347,54,73.98,one-year,bank,1,True,17.0,0,No
102348,15,67.53,one-year,bank,0,False,1.0,0,No
102349,36,80.08,one-year,bank,1,False,4.0,0,No
102350,39,76.69,two-year,paypal,1,False,26.0,0,No
102351,54,62.38,month-to-month,paypal,1,True,6.0,0,No
102352,51,56.83,one-year,card,2,False,,0,No
102353,33,63.86,month-to-month,bank,1,True,19.0,0,No
102354,22,98.72,one-year,card,3,False,1.0,1,Yes
102355,27,51.7,one-year,card,2,True,7.0,0,No
102356,30,68.43,one-year,paypal,0,True,22.0,0,No
102357,16,74.58,month-to-month,paypal,3,False,5.0,1,Yes
102358,45,109.01,month-to-month,bank,3,True,3.0,1,Yes
102359,15,62.49,month-to-month,check,1,False,,1,Yes
102360,47,93.97,month-to-month,bank,0,True,4.0,0,No
102361,54,100.8,month-to-month,bank,1,False,3.0,0,No
102362,69,68.41,two-year,paypal,2,True,31.0,0,No
102363,9,64.73,month-to-month,bank,2,False,3.0,0,No
102364,54,61.77,two-year,bank,1,True,7.0,0,No
102365,7,63.6,month-to-month,card,2,True,15.0,0,No
102366,24,91.36,one-year,card,1,True,3.0,0,No
102367,13,75.78,one-year,card,1,False,14.0,0,No
102368,12,75.88,one-year,paypal,3,False,23.0,0,No
102369,13,41.87,one-year,paypal,2,True,6.0,0,No
102370,4,45.81,one-year,bank,1,True,11.0,0,No
102371,59,123.59,two-year,check,0,True,11.0,0,No
102372,5,65.55,one-year,card,1,True,7.0,0,No
102373,29,50.63,month-to-month,card,1,False,2.0,0,No
102374,50,105.78,month-to-month,check,1,True,38.0,0,Yes
102375,71,77.05,one-year,card,0,False,3.0,0,No
102376,61,84.45,month-to-month,paypal,2,False,9.0,0,No
102377,10,66.55,month-to-month,bank,3,True,12.0,0,No
102378,71,62.03,one-year,check,0,True,6.0,0,No
102379,47,65.76,month-to-month,bank,1,True,9.0,0,No
102380,13,35.43,one-year,card,2,True,9.0,0,No
102381,32,67.8,one-year,check,0,False,4.0,0,No
102382,66,77.4,one-year,card,2,True,,0,No
102383,28,116.26,one-year,bank,3,True,1.0,0,No
102384,14,72.15,two-year,bank,1,True,17.0,0,No
102385,63,15.0,one-year,paypal,1,False,38.0,0,No
102386,68,67.65,two-year,check,2,True,,0,No
102387,70,138.49,month-to-month,check,1,False,15.0,0,No
102388,68,91.66,one-year,check,0,True,,0,No
102389,62,49.73,one-year,paypal,1,True,6.0,0,No
102390,33,84.78,month-to-month,bank,1,False,7.0,0,No
102391,14,51.45,month-to-month,paypal,2,False,1.0,1,Yes
102392,44,36.15,one-year,paypal,2,False,11.0,0,No
102393,16,61.29,month-to-month,paypal,2,False,3.0,1,Yes
102394,34,72.29,two-year,check,2,True,19.0,0,No
102395,47,23.2,month-to-month,paypal,2,True,8.0,0,No
102396,68,41.27,month-to-month,check,1,True,3.0,0,No
102397,21,70.26,one-year,bank,1,False,3.0,0,No
102398,18,59.8,month-to-month,card,3,False,1.0,0,No
102399,53,79.87,month-to-month,card,0,False,10.0,0,No
102400,1,39.63,one-year,check,3,False,5.0,0,No
102401,41,87.85,month-to-month,card,2,False,0.0,0,No
102402,53,40.41,month-to-month,card,0,False,1.0,0,No
102403,40,111.07,one-year,check,1,False,9.0,0,No
102404,28,27.11,one-year,bank,1,False,6.0,0,No
102405,59,42.69,one-year,check,3,False,4.0,0,No
102406,27,80.43,month-to-month,paypal,1,True,2.0,1,Yes
102407,51,111.61,month-to-month,card,1,True,,0,No
102408,33,77.88,two-year,check,2,False,5.0,0,No
102409,2,84.07,one-year,paypal,4,True,4.0,0,No
102410,38,70.44,month-to-month,card,0,True,1.0,1,Yes
102411,4,44.34,two-year,paypal,2,False,22.0,0,No
102412,67,57.75,month-to-month,check,2,False,27.0,0,No
102413,43,39.7,one-year,check,2,True,6.0,0,No
102414,27,38.03,one-year,card,0,True,7.0,0,No
102415,35,80.04,two-year,bank,4,False,7.0,0,No
102416,44,41.92,two-year,bank,3,False,9.0,0,No
102417,19,77.99,month-to-month,card,1,False,0.0,0,No
102418,21,37.45,one-year,paypal,3,True,23.0,0,No
102419,30,77.41,month-to-month,check,3,True,12.0,0,No
102420,19,57.78,one-year,paypal,2,True,6.0,0,No
102421,54,105.17,one-year,card,2,False,6.0,0,No
102422,8,78.09,month-to-month,check,2,False,3.0,1,Yes
102423,59,100.89,month-to-month,check,1,False,5.0,0,No
102424,25,51.11,month-to-month,check,1,True,,0,No
102425,40,71.4,month-to-month,bank,0,False,7.0,0,No
102426,12,45.47,month-to-month,check,1,False,2.0,1,Yes
102427,28,59.66,two-year,card,2,False,,0,No
102428,54,63.45,month-to-month,paypal,3,False,25.0,0,No
102429,20,51.85,one-year,bank,1,False,0.0,0,No
102430,10,39.61,two-year,bank,0,False,0.0,0,No
102431,38,34.66,one-year,check,1,False,20.0,0,No
102432,12,15.0,month-to-month,card,3,False,,0,No
102433,23,43.59,two-year,bank,1,True,7.0,0,No
102434,32,85.69,one-year,card,2,True,9.0,0,No
102435,41,30.04,one-year,paypal,2,True,5.0,0,No
102436,46,35.8,two-year,bank,2,True,9.0,0,No
102437,49,114.77,one-year,card,1,False,4.0,0,No
102438,60,54.09,month-to-month,card,0,True,22.0,0,No
102439,5,78.03,two-year,paypal,1,True,1.0,1,Yes
102440,26,86.06,month-to-month,card,0,True,8.0,0,No
102441,1,86.56,two-year,card,0,False,12.0,0,No
102442,1,31.94,month-to-month,card,2,False,8.0,1,Yes
102443,16,64.22,month-to-month,card,1,False,5.0,1,Yes
102444,43,29.54,month-to-month,card,2,True,6.0,0,No
102445,64,131.16,month-to-month,paypal,2,False,2.0,1,Yes
102446,55,30.13,two-year,card,0,True,,0,No
102447,46,43.8,month-to-month,check,1,False,,0,No
102448,56,43.98,one-year,paypal,0,True,24.0,0,No
102449,13,32.58,month-to-month,check,3,False,9.0,0,No
102450,60,103.81,two-year,card,3,False,9.0,0,No
102451,64,130.56,month-to-month,check,2,False,,1,Yes
102452,7,58.11,month-to-month,bank,5,False,28.0,1,Yes
102453,34,36.99,month-to-month,bank,0,True,2.0,0,No
102454,59,15.0,one-year,bank,3,True,7.0,0,No
102455,34,63.9,two-year,paypal,1,True,,0,No
102456,60,62.09,two-year,check,0,True,7.0,0,No
102457,67,53.72,month-to-month,card,0,False,7.0,0,No
102458,34,75.53,month-to-month,bank,0,False,19.0,0,No
102459,5,79.88,month-to-month,paypal,2,False,9.0,1,Yes
102460,25,78.08,month-to-month,paypal,1,False,0.0,0,No
102461,16,62.1,one-year,paypal,1,True,0.0,0,No
102462,34,42.46,month-to-month,card,0,True,40.0,0,No
102463,42,86.65,one-year,paypal,1,False,3.0,0,No
102464,33,70.31,two-year,check,0,True,3.0,0,No
102465,14,92.21,month-to-month,check,0,False,21.0,0,No
102466,22,89.75,month-to-month,bank,1,False,2.0,0,No
102467,49,34.46,month-to-month,check,1,False,0.0,0,No
102468,2,34.14,month-to-month,bank,0,False,15.0,0,No
102469,16,51.11,month-to-month,check,2,False,21.0,0,No
102470,64,43.59,one-year,card,1,False,2.0,0,No
102471,8,88.88,month-to-month,bank,1,False,5.0,1,Yes
102472,30,78.78,one-year,bank,2,False,10.0,0,No
102473,15,97.48,two-year,paypal,0,False,4.0,0,No
102474,8,79.91,two-year,check,3,True,,0,No
102475,31,75.22,one-year,check,0,False,6.0,0,No
102476,38,99.99,month-to-month,bank,1,True,3.0,1,Yes
102477,13,81.74,month-to-month,bank,1,False,9.0,1,Yes
102478,6,71.7,month-to-month,bank,1,False,60.0,0,No
102479,10,107.01,two-year,paypal,4,True,9.0,0,No
102480,47,72.88,two-year,card,1,True,12.0,0,No
102481,62,62.39,month-to-month,card,3,True,1.0,0,No
102482,13,49.05,month-to-month,check,4,False,3.0,1,Yes
102483,23,87.58,month-to-month,paypal,3,False,22.0,0,No
102484,25,100.93,month-to-month,check,3,False,,1,Yes
102485,26,68.74,two-year,paypal,2,False,2.0,0,No
102486,18,102.7,month-to-month,bank,2,False,5.0,1,Yes
102487,4,20.75,month-to-month,card,1,False,0.0,0,No
102488,38,68.61,month-to-month,check,3,False,4.0,1,Yes
102489,26,69.0,month-to-month,card,0,True,17.0,1,Yes
102490,25,51.83,month-to-month,paypal,1,False,29.0,0,No
102491,19,129.6,two-year,check,1,False,11.0,1,Yes
102492,66,68.35,month-to-month,check,1,True,34.0,0,No
102493,44,59.81,one-year,card,2,False,13.0,0,No
102494,30,70.65,month-to-month,bank,1,True,4.0,1,Yes
102495,15,19.93,month-to-month,paypal,3,False,1.0,1,Yes
102496,57,51.0,month-to-month,card,2,False,9.0,0,No
102497,64,94.58,month-to-month,card,1,True,21.0,1,Yes
102498,3,54.28,month-to-month,bank,3,False,12.0,1,Yes
102499,67,49.28,month-to-month,card,0,False,5.0,0,No
102500,50,102.74,two-year,check,3,True,11.0,0,No
102501,8,103.51,one-year,card,0,False,5.0,0,No
102502,54,82.92,two-year,paypal,3,False,6.0,0,No
102503,8,58.62,month-to-month,paypal,1,False,19.0,1,Yes
102504,4,64.01,one-year,card,1,False,5.0,0,No
102505,9,49.9,one-year,check,1,True,4.0,0,No
102506,33,45.13,month-to-month,check,1,True,13.0,0,No
102507,44,43.89,month-to-month,paypal,1,False,24.0,0,No
102508,29,54.55,month-to-month,check,2,True,4.0,0,No
102509,9,44.13,one-year,paypal,0,False,8.0,0,No
102510,15,30.91,month-to-month,card,1,False,13.0,0,No
102511,61,75.49,month-to-month,check,1,False,5.0,0,No
102512,69,75.86,two-year,paypal,3,False,7.0,0,No
102513,54,112.52,month-to-month,card,3,False,5.0,1,Yes
102514,8,53.29,two-year,card,3,False,8.0,0,No
102515,59,77.4,two-year,card,1,False,28.0,0,No
102516,50,77.82,two-year,paypal,2,True,4.0,0,No
102517,38,63.65,one-year,paypal,1,False,18.0,0,No
102518,11,88.61,month-to-month,card,1,True,11.0,0,No
102519,71,89.38,one-year,card,3,True,,1,No
102520,32,78.19,one-year,bank,2,True,29.0,0,No
102521,4,63.61,one-year,paypal,1,False,17.0,0,No
102522,15,61.06,month-to-month,paypal,3,False,8.0,0,No
102523,29,35.81,month-to-month,paypal,0,False,2.0,0,No
102524,5,49.85,month-to-month,paypal,1,False,4.0,0,No
102525,23,54.45,month-to-month,check,1,False,13.0,1,Yes
102526,34,41.9,one-year,bank,2,True,8.0,0,No
102527,68,81.0,two-year,check,1,True,19.0,0,No
102528,7,99.92,one-year,bank,2,True,35.0,0,No
102529,41,47.3,one-year,paypal,2,False,7.0,0,No
102530,66,77.09,month-to-month,bank,2,True,20.0,0,No
102531,58,44.15,month-to-month,paypal,0,False,1.0,0,No
102532,66,62.38,month-to-month,card,0,True,4.0,0,No
102533,13,52.74,month-to-month,check,2,False,17.0,0,No
102534,57,85.05,month-to-month,bank,2,False,1.0,0,No
102535,70,53.03,month-to-month,bank,3,False,5.0,0,No
102536,24,95.29,month-to-month,paypal,0,True,9.0,0,No
102537,36,63.86,one-year,bank,1,False,43.0,0,No
102538,38,53.76,month-to-month,card,2,True,22.0,1,Yes
102539,36,38.67,month-to-month,bank,1,False,6.0,0,No
102540,21,76.33,month-to-month,paypal,4,True,7.0,1,Yes
102541,69,92.38,one-year,paypal,0,False,1.0,0,No
102542,68,76.83,one-year,check,4,False,1.0,0,No
102543,28,125.97,month-to-month,check,2,False,39.0,1,Yes
102544,58,105.74,month-to-month,bank,1,False,2.0,0,No
102545,29,62.31,two-year,paypal,2,True,14.0,0,No
102546,57,62.05,one-year,check,1,False,1.0,0,No
102547,42,81.74,one-year,card,2,True,2.0,0,No
102548,34,49.05,month-to-month,paypal,1,True,2.0,0,No
102549,10,99.16,two-year,paypal,1,True,2.0,0,No
102550,47,79.04,two-year,card,1,True,,0,No
102551,23,76.41,month-to-month,bank,2,True,,1,Yes
102552,16,87.17,one-year,check,1,False,23.0,1,Yes
102553,14,113.07,month-to-month,check,3,True,4.0,1,Yes
102554,70,74.27,one-year,card,3,False,4.0,0,No
102555,8,67.17,month-to-month,card,2,True,2.0,1,Yes
102556,57,107.72,month-to-month,paypal,3,False,,0,No
102557,62,94.19,two-year,paypal,3,True,12.0,0,No
102558,3,61.98,two-year,check,3,True,20.0,1,Yes
102559,42,70.13,month-to-month,check,1,False,19.0,0,No
102560,41,74.88,two-year,check,0,False,23.0,0,No
102561,26,79.05,month-to-month,bank,2,False,0.0,0,No
102562,48,36.09,month-to-month,check,6,True,18.0,0,No
102563,30,31.44,two-year,bank,1,False,0.0,0,No
102564,32,47.82,month-to-month,card,2,False,1.0,0,No
102565,31,45.88,month-to-month,bank,1,False,10.0,0,No
102566,57,53.9,one-year,bank,4,True,2.0,0,No
102567,45,85.87,month-to-month,bank,1,True,,0,No
102568,27,65.78,month-to-month,bank,2,True,16.0,1,Yes
102569,66,74.91,month-to-month,card,0,False,42.0,0,No
102570,57,39.39,one-year,bank,1,True,,0,No
102571,67,58.46,month-to-month,bank,1,True,0.0,0,No
102572,52,84.68,month-to-month,card,4,False,2.0,0,No
102573,28,84.87,one-year,bank,3,False,3.0,0,No
102574,55,51.89,month-to-month,check,0,False,22.0,0,No
102575,24,74.04,month-to-month,bank,2,False,,1,Yes
102576,20,124.97,one-year,card,1,True,2.0,0,No
102577,33,69.56,one-year,check,1,False,5.0,0,No
102578,69,52.67,month-to-month,check,1,True,83.0,0,No
102579,41,65.66,two-year,bank,1,True,19.0,0,No
102580,28,72.3,one-year,card,1,False,3.0,0,No
102581,33,66.22,month-to-month,card,3,True,4.0,0,No
102582,21,69.22,one-year,card,0,False,1.0,0,No
102583,47,33.91,one-year,paypal,6,False,14.0,1,Yes
102584,25,45.93,one-year,bank,4,True,,1,Yes
102585,40,66.27,one-year,bank,1,True,16.0,0,No
102586,27,65.87,one-year,check,2,True,2.0,0,No
102587,23,55.85,two-year,check,2,True,0.0,0,No
102588,69,65.57,one-year,card,1,False,8.0,0,No
102589,25,71.53,two-year,paypal,3,False,6.0,0,No
102590,6,92.24,one-year,bank,1,True,16.0,0,No
102591,27,67.52,two-year,paypal,2,True,4.0,0,No
102592,38,79.98,two-year,paypal,3,False,8.0,0,No
102593,7,56.46,month-to-month,check,5,False,,1,Yes
102594,22,84.3,month-to-month,card,3,False,2.0,0,No
102595,12,79.39,one-year,check,3,True,47.0,1,Yes
102596,36,91.65,month-to-month,card,1,False,26.0,1,Yes
102597,52,87.84,one-year,paypal,1,True,2.0,0,No
102598,69,84.72,one-year,paypal,0,False,3.0,0,No
102599,28,67.54,two-year,paypal,0,False,20.0,0,No
102600,62,76.12,month-to-month,paypal,0,False,4.0,0,No
102601,16,96.59,one-year,card,0,True,1.0,0,No
102602,56,53.7,month-to-month,card,2,False,14.0,0,No
102603,40,54.29,month-to-month,check,4,True,13.0,0,No
102604,54,74.54,month-to-month,check,3,False,6.0,0,No
102605,54,80.38,month-to-month,paypal,1,True,40.0,0,No
102606,38,49.4,month-to-month,check,1,False,3.0,0,No
102607,19,68.13,one-year,paypal,2,True,12.0,0,No
102608,38,67.65,one-year,bank,0,False,,0,No
102609,59,15.0,month-to-month,card,1,False,4.0,0,No
102610,69,64.51,month-to-month,card,2,True,2.0,0,No
102611,66,66.07,month-to-month,bank,0,True,21.0,0,No
102612,13,65.99,two-year,card,1,True,20.0,0,No
102613,43,105.4,two-year,check,3,True,3.0,0,No
102614,8,39.61,month-to-month,bank,0,False,14.0,1,Yes
102615,48,49.38,month-to-month,bank,2,True,0.0,0,No
102616,71,15.0,month-to-month,check,2,True,4.0,0,No
102617,4,57.98,one-year,check,1,True,5.0,0,No
102618,47,60.11,month-to-month,card,3,True,16.0,0,No
102619,68,57.25,month-to-month,bank,0,True,1.0,0,No
102620,61,97.69,month-to-month,paypal,3,False,14.0,0,No
102621,28,91.52,month-to-month,bank,1,True,1.0,0,No
102622,8,71.95,month-to-month,paypal,1,False,,1,Yes
102623,66,60.73,month-to-month,bank,1,False,2.0,0,No
102624,66,95.65,one-year,bank,1,False,1.0,0,No
102625,42,69.51,month-to-month,paypal,1,False,8.0,0,No
102626,70,49.54,month-to-month,bank,1,False,3.0,0,No
102627,1,27.09,one-year,paypal,2,False,11.0,0,No
102628,44,58.97,month-to-month,check,2,True,6.0,0,No
102629,3,88.87,one-year,paypal,5,False,5.0,1,Yes
102630,67,126.91,two-year,paypal,2,True,,0,No
102631,49,71.54,month-to-month,paypal,2,False,7.0,0,No
102632,65,50.87,two-year,check,4,True,1.0,0,No
102633,40,40.38,one-year,paypal,3,False,0.0,0,No
102634,6,83.8,one-year,card,2,False,0.0,0,No
102635,2,25.88,month-to-month,bank,3,True,13.0,1,Yes
102636,24,83.76,month-to-month,bank,3,True,19.0,0,No
102637,53,90.44,month-to-month,card,2,False,14.0,0,No
102638,11,80.91,two-year,paypal,1,True,2.0,0,No
102639,61,64.51,one-year,paypal,4,True,0.0,0,No
102640,18,84.12,month-to-month,check,2,True,2.0,0,No
102641,36,74.27,month-to-month,check,2,False,,0,No
102642,15,50.55,month-to-month,check,1,False,12.0,0,No
102643,34,116.26,month-to-month,bank,3,False,24.0,1,Yes
102644,33,61.21,one-year,check,1,False,22.0,0,No
102645,1,89.39,month-to-month,paypal,1,False,8.0,0,No
102646,41,15.0,one-year,bank,2,False,2.0,0,No
102647,56,101.91,one-year,bank,5,False,5.0,0,No
102648,67,106.72,one-year,card,2,False,13.0,0,No
102649,24,70.75,two-year,paypal,5,False,,0,No
102650,63,83.97,month-to-month,check,2,True,,0,No
102651,63,83.96,one-year,check,0,True,15.0,0,No
102652,71,53.93,one-year,bank,2,True,15.0,0,No
102653,27,83.68,month-to-month,card,1,False,,0,No
102654,61,49.78,month-to-month,paypal,2,False,13.0,0,No
102655,41,54.78,month-to-month,paypal,1,False,5.0,0,No
102656,5,98.17,month-to-month,bank,1,False,35.0,1,Yes
102657,20,94.37,month-to-month,paypal,4,False,14.0,1,Yes
102658,48,52.34,month-to-month,check,2,False,4.0,0,No
102659,12,51.66,one-year,check,1,False,18.0,0,No
102660,31,53.86,month-to-month,card,1,True,15.0,0,No
102661,56,88.32,month-to-month,check,0,False,6.0,0,No
102662,11,45.0,month-to-month,card,3,False,12.0,0,No
102663,36,78.92,month-to-month,card,0,True,3.0,0,No
102664,16,88.67,two-year,bank,0,True,19.0,0,No
102665,39,67.79,month-to-month,card,0,True,11.0,0,No
102666,18,95.25,month-to-month,paypal,1,True,2.0,1,Yes
102667,69,62.39,month-to-month,card,1,True,11.0,0,No
102668,6,64.65,month-to-month,paypal,2,False,6.0,1,Yes
102669,69,45.57,one-year,card,2,True,20.0,0,No
102670,57,95.43,one-year,paypal,1,False,6.0,0,No
102671,61,50.84,month-to-month,bank,2,True,6.0,1,Yes
102672,61,78.74,one-year,paypal,1,False,22.0,0,No
102673,14,68.22,month-to-month,check,3,False,2.0,1,Yes
102674,67,43.68,two-year,bank,0,False,15.0,0,No
102675,43,54.77,one-year,card,4,False,26.0,0,No
102676,69,104.57,month-to-month,bank,5,False,,0,No
102677,63,75.04,one-year,check,2,True,12.0,0,No
102678,42,44.77,two-year,paypal,2,False,1.0,0,No
102679,27,77.63,month-to-month,bank,0,False,15.0,0,No
102680,9,66.35,two-year,card,3,True,6.0,1,Yes
102681,8,150.0,two-year,bank,1,True,,0,No
102682,28,77.13,month-to-month,card,1,False,14.0,1,Yes
102683,58,60.48,one-year,paypal,2,True,11.0,0,No
102684,36,105.5,one-year,card,3,False,28.0,1,Yes
102685,35,23.97,month-to-month,paypal,1,True,9.0,0,No
102686,18,72.36,month-to-month,card,3,True,8.0,1,Yes
102687,41,119.86,two-year,paypal,2,True,10.0,0,No
102688,46,67.1,one-year,bank,2,False,5.0,0,No
102689,70,26.67,month-to-month,card,1,False,3.0,0,No
102690,52,60.1,month-to-month,check,0,False,,1,No
102691,44,106.36,month-to-month,check,3,True,5.0,1,Yes
102692,65,79.4,two-year,paypal,3,True,0.0,0,No
102693,31,49.03,one-year,card,3,False,11.0,0,No
102694,67,52.87,month-to-month,check,2,True,2.0,0,No
102695,27,56.01,two-year,check,0,True,7.0,0,No
102696,10,79.03,two-year,bank,1,False,,0,No
102697,30,103.45,month-to-month,paypal,1,False,18.0,1,Yes
102698,10,96.31,month-to-month,bank,0,True,4.0,0,No
102699,9,81.4,one-year,bank,0,True,3.0,0,No
102700,63,36.71,month-to-month,check,0,False,5.0,0,No
102701,57,36.8,month-to-month,paypal,0,False,14.0,0,No
102702,16,83.33,one-year,paypal,2,False,3.0,0,No
102703,60,36.36,two-year,check,2,False,4.0,0,No
102704,5,64.36,month-to-month,card,1,False,3.0,0,No
102705,21,77.6,two-year,bank,1,False,17.0,0,No
102706,51,41.56,two-year,card,0,False,,0,No
102707,22,44.39,month-to-month,card,3,False,2.0,0,No
102708,52,67.65,month-to-month,paypal,2,True,9.0,0,No
102709,63,82.59,one-year,paypal,2,False,17.0,0,No
102710,5,96.54,one-year,card,1,False,23.0,1,Yes
102711,2,85.18,month-to-month,bank,1,True,2.0,1,Yes
102712,67,71.84,one-year,bank,0,False,,0,No
102713,37,51.35,one-year,card,2,False,32.0,0,No
102714,36,43.23,one-year,bank,6,True,2.0,0,No
102715,33,57.23,one-year,card,1,False,50.0,0,No
102716,31,80.25,month-to-month,check,0,True,,0,No
102717,49,78.42,month-to-month,paypal,1,False,19.0,0,No
102718,42,17.5,month-to-month,bank,3,False,14.0,0,No
102719,12,50.36,two-year,card,2,False,23.0,0,No
102720,45,100.11,two-year,bank,0,False,5.0,0,No
102721,48,71.98,one-year,paypal,2,False,1.0,0,No
102722,9,34.57,month-to-month,card,1,False,26.0,0,No
102723,27,128.9,one-year,check,2,False,0.0,0,No
102724,57,69.28,month-to-month,card,2,True,1.0,0,No
102725,44,79.61,month-to-month,bank,1,False,3.0,0,No
102726,10,79.99,month-to-month,bank,0,False,14.0,1,Yes
102727,3,60.81,two-year,bank,1,False,5.0,0,No
102728,42,51.81,month-to-month,card,2,False,6.0,0,No
102729,33,123.04,one-year,paypal,3,True,,1,Yes
102730,69,95.08,two-year,check,2,True,6.0,0,No
102731,38,90.55,one-year,bank,0,True,3.0,0,No
102732,67,84.41,month-to-month,bank,0,False,15.0,0,No
102733,16,44.92,two-year,card,1,True,57.0,0,No
102734,32,101.94,one-year,check,3,False,7.0,0,No
102735,10,48.92,month-to-month,card,0,True,,0,No
102736,41,77.08,one-year,bank,2,False,2.0,0,No
102737,14,29.02,two-year,paypal,1,True,9.0,0,No
102738,35,18.98,month-to-month,check,1,False,,0,No
102739,25,77.96,month-to-month,check,0,False,0.0,0,No
102740,14,49.77,month-to-month,bank,2,False,20.0,1,Yes
102741,7,20.27,month-to-month,check,3,False,15.0,1,Yes
102742,37,83.52,one-year,card,1,False,13.0,0,No
102743,68,123.0,month-to-month,card,2,True,12.0,0,No
102744,15,104.74,month-to-month,paypal,0,False,,0,No
102745,29,63.57,month-to-month,bank,1,True,7.0,1,Yes
102746,16,70.22,month-to-month,check,0,False,1.0,1,Yes
102747,58,92.19,month-to-month,paypal,1,False,1.0,0,No
102748,30,98.05,one-year,paypal,3,True,6.0,0,No
102749,70,61.41,month-to-month,card,2,False,24.0,0,No
102750,18,70.85,month-to-month,check,2,True,21.0,0,No
102751,6,77.52,two-year,paypal,1,False,4.0,1,Yes
102752,42,83.85,two-year,card,1,False,,0,No
102753,47,66.67,month-to-month,paypal,3,False,1.0,0,No
102754,71,67.0,month-to-month,check,2,False,27.0,0,No
102755,62,104.5,month-to-month,bank,0,True,14.0,1,Yes
102756,63,100.24,month-to-month,paypal,2,False,1.0,0,No
102757,46,81.94,month-to-month,paypal,0,False,14.0,0,No
102758,26,112.98,two-year,card,0,True,11.0,0,No
102759,31,60.34,one-year,check,0,False,3.0,0,No
102760,10,110.57,month-to-month,paypal,2,True,5.0,1,Yes
102761,31,83.56,two-year,check,1,False,11.0,0,No
102762,26,150.0,month-to-month,check,3,False,1.0,1,Yes
102763,3,40.19,month-to-month,card,1,True,2.0,0,No
102764,15,52.77,month-to-month,bank,1,True,,0,No
102765,38,80.47,month-to-month,paypal,2,False,29.0,1,Yes
102766,27,79.93,two-year,paypal,4,True,5.0,0,No
102767,71,118.75,month-to-month,bank,2,True,,1,Yes
102768,34,53.29,one-year,bank,2,False,1.0,0,No
102769,69,92.62,month-to-month,paypal,4,False,18.0,1,Yes
102770,47,99.06,two-year,paypal,1,False,4.0,0,No
102771,3,87.62,one-year,bank,5,False,8.0,1,Yes
102772,15,45.98,month-to-month,paypal,2,False,6.0,0,No
102773,51,105.19,month-to-month,bank,0,True,29.0,0,No
102774,39,100.73,two-year,paypal,0,True,4.0,0,No
102775,22,84.99,month-to-month,paypal,1,False,,0,No
102776,38,75.11,month-to-month,check,1,False,,1,Yes
102777,65,75.65,two-year,bank,5,False,2.0,0,No
102778,28,68.03,month-to-month,bank,0,True,9.0,0,No
102779,4,86.02,month-to-month,card,0,False,20.0,0,No
102780,23,70.78,month-to-month,card,0,False,1.0,0,No
102781,67,48.79,month-to-month,paypal,1,True,4.0,0,No
102782,55,43.79,month-to-month,check,2,False,2.0,0,No
102783,60,51.2,month-to-month,card,7,True,6.0,1,Yes
102784,65,75.55,month-to-month,check,2,False,15.0,0,No
102785,9,69.33,month-to-month,paypal,0,False,1.0,0,No
102786,21,75.38,month-to-month,check,0,True,12.0,1,Yes
102787,5,82.52,two-year,paypal,1,False,2.0,1,Yes
102788,1,54.32,one-year,card,2,True,6.0,0,No
102789,60,106.64,month-to-month,card,1,False,10.0,0,No
102790,67,63.31,month-to-month,check,1,False,14.0,0,No
102791,12,59.16,one-year,check,1,False,11.0,0,No
102792,52,82.06,month-to-month,check,5,True,15.0,1,Yes
102793,38,24.09,month-to-month,paypal,0,False,3.0,0,No
102794,5,50.24,one-year,card,3,False,9.0,0,No
102795,66,94.53,month-to-month,paypal,1,False,2.0,0,No
102796,62,26.56,one-year,card,1,False,7.0,0,No
102797,41,97.94,two-year,check,1,False,0.0,0,No
102798,51,107.78,two-year,paypal,0,False,4.0,1,Yes
102799,29,60.76,month-to-month,check,1,False,6.0,0,No
102800,57,77.3,month-to-month,card,1,False,15.0,0,No
102801,32,97.98,month-to-month,check,2,True,0.0,0,No
102802,71,58.33,one-year,paypal,1,False,7.0,0,No
102803,5,91.69,two-year,card,4,False,1.0,0,No
102804,13,53.22,two-year,paypal,1,False,6.0,0,No
102805,69,58.06,month-to-month,check,1,False,29.0,0,No
102806,21,50.02,two-year,card,1,False,15.0,0,No
102807,23,78.57,month-to-month,bank,5,True,7.0,1,Yes
102808,57,98.95,two-year,paypal,1,False,16.0,0,No
102809,14,65.4,month-to-month,bank,3,False,15.0,1,Yes
102810,37,38.22,month-to-month,paypal,1,True,4.0,0,No
102811,21,42.93,month-to-month,bank,2,True,3.0,0,No
102812,15,79.86,two-year,bank,2,True,29.0,0,No
102813,69,116.1,month-to-month,paypal,0,False,1.0,0,No
102814,15,79.84,month-to-month,paypal,5,False,2.0,0,No
102815,7,60.33,month-to-month,card,3,True,4.0,0,No
102816,48,89.15,month-to-month,paypal,0,False,13.0,0,No
102817,62,64.01,two-year,bank,0,False,6.0,0,No
102818,10,60.54,month-to-month,paypal,2,False,33.0,1,Yes
102819,51,46.04,month-to-month,card,3,False,9.0,0,No
102820,39,105.21,one-year,check,4,False,37.0,0,No
102821,59,15.0,month-to-month,card,0,False,,0,No
102822,10,89.95,month-to-month,check,2,False,8.0,0,No
102823,70,58.41,month-to-month,paypal,3,False,25.0,0,No
102824,44,59.74,month-to-month,check,2,False,11.0,0,No
102825,60,112.31,month-to-month,bank,0,False,2.0,1,Yes
102826,26,52.15,month-to-month,paypal,2,False,11.0,0,No
102827,67,53.0,month-to-month,card,1,False,11.0,0,No
102828,45,66.74,one-year,check,2,True,2.0,0,No
102829,10,80.35,two-year,paypal,0,True,6.0,1,Yes
102830,66,58.95,two-year,bank,1,True,10.0,0,No
102831,57,30.65,month-to-month,card,1,True,,0,No
102832,22,48.36,month-to-month,bank,0,False,18.0,0,No
102833,39,102.03,two-year,bank,1,True,,0,No
102834,28,71.87,one-year,paypal,3,False,9.0,0,No
102835,39,81.28,month-to-month,paypal,2,False,10.0,1,Yes
102836,69,63.46,month-to-month,bank,5,False,19.0,0,No
102837,64,53.51,month-to-month,paypal,1,False,1.0,0,No
102838,16,111.94,month-to-month,card,4,True,5.0,1,Yes
102839,69,65.3,month-to-month,card,1,True,6.0,0,No
102840,32,58.92,month-to-month,check,2,False,53.0,0,No
102841,51,97.4,two-year,check,2,True,45.0,0,No
102842,55,51.94,one-year,paypal,3,False,1.0,0,No
102843,35,55.13,one-year,check,0,True,,0,No
102844,33,70.26,month-to-month,card,0,True,,0,No
102845,33,70.01,one-year,check,1,True,0.0,0,No
102846,62,76.49,one-year,bank,2,False,4.0,0,No
102847,28,122.29,month-to-month,bank,2,True,,0,No
102848,20,78.41,one-year,bank,1,False,10.0,0,No
102849,26,15.0,one-year,paypal,2,True,6.0,0,No
102850,14,78.16,two-year,card,2,True,10.0,0,No
102851,28,70.95,month-to-month,check,2,True,14.0,0,No
102852,9,71.09,two-year,card,2,False,10.0,0,No
102853,7,76.15,month-to-month,check,3,False,4.0,1,Yes
102854,52,69.28,month-to-month,card,0,False,7.0,0,No
102855,6,68.68,month-to-month,paypal,2,False,10.0,1,Yes
102856,41,85.33,month-to-month,paypal,2,False,4.0,0,No
102857,56,56.45,month-to-month,paypal,3,True,,0,No
102858,52,46.31,month-to-month,bank,3,False,12.0,0,No
102859,32,145.59,one-year,paypal,3,False,4.0,0,No
102860,14,52.1,month-to-month,card,1,True,1.0,0,No
102861,67,72.5,two-year,bank,3,True,1.0,0,No
102862,60,32.61,month-to-month,card,1,False,17.0,0,No
102863,44,72.91,one-year,card,1,True,13.0,0,No
102864,7,46.67,two-year,bank,2,True,8.0,0,No
102865,3,58.94,two-year,check,0,False,18.0,0,No
102866,23,96.13,one-year,paypal,1,True,16.0,0,No
102867,12,81.8,one-year,card,1,False,9.0,0,No
102868,62,84.21,month-to-month,bank,1,False,2.0,0,No
102869,15,25.72,month-to-month,check,2,False,44.0,0,No
102870,21,115.92,month-to-month,card,1,False,21.0,0,No
102871,70,40.2,month-to-month,check,1,False,12.0,0,No
102872,59,108.21,month-to-month,check,1,False,2.0,1,Yes
102873,16,95.54,month-to-month,check,2,False,4.0,0,No
102874,28,84.43,two-year,card,1,True,,0,No
102875,37,48.63,two-year,card,3,False,29.0,0,No
102876,48,73.79,two-year,paypal,5,False,,0,No
102877,67,58.23,one-year,paypal,2,False,,0,No
102878,62,70.73,month-to-month,bank,2,True,14.0,0,No
102879,70,63.75,month-to-month,check,1,True,10.0,1,Yes
102880,3,19.03,one-year,check,0,False,,0,No
102881,17,98.04,one-year,check,3,False,9.0,0,No
102882,40,67.97,month-to-month,check,1,False,25.0,0,No
102883,4,57.88,month-to-month,check,2,False,9.0,1,Yes
102884,26,55.99,month-to-month,card,0,True,2.0,0,No
102885,11,78.96,month-to-month,card,0,False,20.0,0,No
102886,67,47.66,month-to-month,paypal,3,False,7.0,0,No
102887,5,15.0,month-to-month,check,1,False,,1,Yes
102888,11,80.18,one-year,card,1,False,,1,Yes
102889,14,82.98,two-year,card,4,False,,0,No
102890,11,65.01,month-to-month,card,2,False,3.0,0,No
102891,41,41.3,one-year,check,2,False,1.0,0,No
102892,26,72.22,two-year,check,2,True,8.0,0,No
102893,65,33.39,month-to-month,card,1,False,3.0,0,No
102894,19,44.32,one-year,card,0,True,55.0,0,No
102895,39,51.23,month-to-month,card,0,True,3.0,0,No
102896,47,91.1,one-year,bank,1,False,6.0,0,No
102897,45,60.93,month-to-month,card,1,True,1.0,0,No
102898,57,58.8,two-year,bank,0,False,27.0,0,No
102899,15,118.87,two-year,card,0,False,3.0,0,No
102900,37,78.81,month-to-month,paypal,1,False,6.0,0,No
102901,57,78.47,month-to-month,paypal,0,False,8.0,0,No
102902,62,60.76,month-to-month,bank,3,False,5.0,1,Yes
102903,44,55.09,one-year,paypal,3,False,12.0,0,No
102904,47,15.34,one-year,check,1,False,2.0,0,No
102905,62,94.22,month-to-month,card,1,False,18.0,0,No
102906,45,81.21,two-year,bank,1,False,11.0,0,No
102907,68,65.52,month-to-month,card,0,False,4.0,0,No
102908,10,66.57,month-to-month,check,0,True,3.0,0,No
102909,25,88.4,month-to-month,paypal,1,False,10.0,0,No
102910,8,31.13,month-to-month,check,1,False,39.0,0,No
102911,7,55.25,month-to-month,card,4,True,7.0,1,Yes
102912,34,41.59,month-to-month,card,3,True,2.0,0,No
102913,17,114.29,month-to-month,bank,1,True,,0,No
102914,29,91.89,two-year,card,1,False,9.0,0,No
102915,32,15.0,month-to-month,card,0,False,3.0,0,No
102916,45,32.16,two-year,bank,4,True,24.0,0,No
102917,68,66.69,one-year,check,2,False,,0,No
102918,61,58.19,one-year,card,0,False,,0,No
102919,27,36.89,month-to-month,paypal,3,False,7.0,0,No
102920,24,118.62,one-year,bank,0,False,13.0,1,Yes
102921,55,77.81,month-to-month,card,0,True,3.0,0,No
102922,9,81.87,month-to-month,card,2,True,6.0,1,Yes
102923,39,52.7,month-to-month,paypal,0,False,9.0,0,No
102924,31,88.06,month-to-month,check,1,False,,0,No
102925,13,60.49,two-year,paypal,2,False,,0,No
102926,44,62.92,two-year,paypal,2,True,2.0,0,No
102927,23,85.28,one-year,paypal,2,False,0.0,0,No
102928,14,29.28,month-to-month,paypal,0,False,15.0,1,Yes
102929,47,109.93,two-year,paypal,0,False,1.0,0,No
102930,13,74.56,one-year,paypal,1,True,10.0,0,No
102931,48,102.02,month-to-month,paypal,2,False,21.0,0,No
102932,12,43.11,month-to-month,bank,2,False,4.0,0,No
102933,31,46.92,one-year,check,0,True,13.0,0,No
102934,58,40.95,month-to-month,paypal,3,False,18.0,0,No
102935,17,76.26,month-to-month,paypal,1,False,11.0,0,No
102936,55,71.65,one-year,card,0,True,2.0,0,No
102937,52,58.39,month-to-month,card,1,True,,0,No
102938,65,44.65,month-to-month,card,1,False,29.0,0,No
102939,12,38.34,month-to-month,check,1,True,27.0,1,Yes
102940,51,68.79,one-year,bank,1,True,7.0,0,No
102941,67,58.36,two-year,check,3,False,22.0,0,No
102942,55,52.86,two-year,card,2,False,4.0,0,No
102943,14,108.68,one-year,card,2,False,,0,No
102944,59,67.94,one-year,paypal,3,False,3.0,0,No
102945,8,101.75,one-year,bank,2,False,4.0,0,No
102946,42,56.67,month-to-month,card,2,False,,1,Yes
102947,36,76.12,month-to-month,card,1,True,9.0,1,Yes
102948,38,68.61,one-year,bank,0,True,4.0,0,No
102949,37,27.56,one-year,bank,4,False,6.0,0,No
102950,3,105.71,month-to-month,paypal,4,False,11.0,1,Yes
102951,37,66.62,two-year,card,1,True,0.0,0,No
102952,67,88.66,one-year,check,2,False,,0,No
102953,32,51.2,month-to-month,bank,2,False,3.0,0,No
102954,20,65.88,month-to-month,bank,6,False,22.0,1,Yes
102955,71,48.33,month-to-month,bank,3,False,17.0,0,No
102956,8,100.9,month-to-month,bank,0,True,1.0,1,Yes
102957,35,77.79,month-to-month,check,3,False,2.0,0,No
102958,37,79.18,month-to-month,check,0,True,16.0,0,No
102959,34,103.95,month-to-month,card,2,False,,1,Yes
102960,66,98.91,month-to-month,card,0,True,0.0,0,No
102961,30,89.13,one-year,card,2,False,5.0,0,No
102962,70,34.46,one-year,paypal,0,True,1.0,0,No
102963,5,52.61,month-to-month,bank,2,False,2.0,0,No
102964,53,44.9,month-to-month,check,1,True,3.0,0,No
102965,43,88.19,month-to-month,bank,2,True,13.0,0,No
102966,18,74.27,month-to-month,bank,2,True,5.0,1,Yes
102967,17,35.24,month-to-month,card,1,False,2.0,0,No
102968,52,65.28,month-to-month,bank,3,False,9.0,0,No
102969,46,32.65,month-to-month,paypal,3,False,4.0,0,No
102970,44,68.67,two-year,paypal,2,False,17.0,0,No
102971,4,28.62,month-to-month,bank,2,True,20.0,1,Yes
102972,43,83.22,two-year,check,0,False,2.0,0,No
102973,70,79.45,month-to-month,bank,1,True,1.0,0,No
102974,2,117.7,month-to-month,paypal,1,False,3.0,1,Yes
102975,34,91.2,two-year,check,2,False,12.0,0,No
102976,36,59.43,month-to-month,paypal,1,False,17.0,0,No
102977,64,90.45,one-year,paypal,3,True,21.0,0,No
102978,21,35.06,two-year,bank,2,False,20.0,0,No
102979,34,45.94,one-year,bank,3,False,,0,No
102980,51,78.33,month-to-month,check,5,False,6.0,0,No
102981,5,16.04,month-to-month,card,2,True,19.0,0,No
102982,57,69.07,month-to-month,paypal,0,False,3.0,0,No
102983,59,44.49,month-to-month,check,3,True,26.0,0,No
102984,52,72.53,month-to-month,card,0,False,5.0,0,No
102985,47,43.06,two-year,bank,1,True,2.0,0,No
102986,54,80.61,one-year,paypal,1,False,12.0,0,No
102987,56,70.48,month-to-month,bank,2,True,6.0,0,No
102988,65,105.01,month-to-month,check,3,True,10.0,1,Yes
102989,31,70.17,one-year,paypal,1,True,3.0,0,No
102990,33,50.78,two-year,bank,2,False,1.0,0,No
102991,46,63.83,month-to-month,paypal,1,False,13.0,0,No
102992,14,36.39,month-to-month,bank,1,False,7.0,0,No
102993,61,80.15,two-year,check,1,False,8.0,0,No
102994,55,84.75,two-year,paypal,1,False,,0,No
102995,45,131.73,two-year,card,4,False,3.0,1,Yes
102996,22,54.45,month-to-month,check,1,False,16.0,0,No
102997,25,63.31,month-to-month,check,2,True,19.0,1,Yes
102998,31,55.61,month-to-month,check,0,False,1.0,0,No
102999,48,75.3,month-to-month,paypal,2,True,9.0,1,Yes
